StationName,Balance_0,Balance_1,Balance_2,Balance_3,Balance_4,Balance_5,Balance_6,Balance_7,Balance_8,Balance_9,Balance_10,Balance_11,Balance_12,Balance_13,Balance_14,Balance_15,Balance_16,Balance_17,Balance_18,Balance_19,Balance_20,Balance_21,Balance_22,Balance_23,Total_0,Total_1,Total_2,Total_3,Total_4,Total_5,Total_6,Total_7,Total_8,Total_9,Total_10,Total_11,Total_12,Total_13,Total_14,Total_15,Total_16,Total_17,Total_18,Total_19,Total_20,Total_21,Total_22,Total_23
Clinton St & Grand St,-4,-1,2,-4,4,9,3,0,3,-4,-2,-2,0,-1,2,0,-6,1,0,-4,-1,5,4,6,8,7,8,14,16,14,13,8,7,18,17,11,12,15,16,10,12,9,12,14,15,7,10,14
Madison St & Clinton St,0,3,0,6,2,-3,-2,1,-2,-2,-2,-4,3,-4,3,5,-1,1,-3,2,0,0,-1,4,5,11,8,16,6,11,7,12,11,10,8,8,7,13,21,11,8,18,11,8,12,12,13,6
W 44 St & 5 Ave,-8,-2,2,-7,-7,0,4,0,-2,3,6,-8,1,-3,-1,7,3,-7,-1,6,7,-9,0,5,28,14,24,23,27,24,22,22,22,19,32,26,28,17,19,19,21,25,19,30,35,21,22,29
E 51 St & 1 Ave,5,1,3,-3,0,-3,-2,1,2,-4,9,6,0,-3,1,4,1,4,2,8,4,0,-4,0,17,17,11,19,18,17,6,14,10,14,11,12,20,17,15,14,15,18,16,24,8,12,20,8
Broadway & W 32 St,7,12,4,4,-6,-6,2,-1,5,12,6,1,-3,11,4,-5,5,2,-3,6,3,6,-3,-12,27,34,38,34,28,36,38,36,31,26,20,34,31,31,36,19,37,34,45,32,31,34,29,30
11 Ave & W 41 St,3,-6,0,4,0,8,-12,-7,6,-1,4,0,-1,-10,1,-2,7,1,-1,5,-4,-10,-7,1,25,14,18,14,21,22,24,27,22,21,22,24,17,28,23,22,23,25,30,24,18,17,23,19
Sullivan St & Washington Sq,-1,-3,-9,-1,-1,-10,2,5,0,0,1,8,2,4,6,1,1,-2,8,0,-13,-6,-2,5,37,23,25,21,33,28,40,27,24,36,37,33,28,20,40,21,27,29,32,24,43,28,31,31
St Marks Pl & 2 Ave,-7,1,3,10,-6,-7,0,3,1,5,4,3,6,5,6,-9,3,-1,0,1,4,-1,-1,-1,21,23,26,28,24,34,26,23,23,29,22,27,26,27,20,21,29,23,21,32,20,31,26,31
Atlantic Ave & Fort Greene Pl,-1,-3,1,3,-3,2,1,3,1,1,2,-2,-1,-4,1,3,-4,1,-1,0,-4,3,3,-2,3,13,3,9,3,6,1,5,1,5,2,4,3,6,5,5,5,1,3,6,6,5,5,4
Putnam Ave & Throop Ave,-1,1,-2,0,0,1,3,3,1,0,0,1,-2,3,-2,-1,-3,-3,1,-1,3,-1,-2,0,1,5,2,2,2,5,3,5,3,0,4,1,4,3,2,5,3,3,1,1,3,1,2,2
Centre St & Chambers St,16,-2,5,-2,0,10,11,6,-9,2,-4,3,3,-6,4,-13,-8,-7,4,-10,5,-3,13,-1,30,26,34,50,29,37,40,27,30,31,42,33,29,37,46,29,32,40,28,45,42,29,24,33
Little West St & 1 Pl,4,-4,-11,-1,-7,2,-2,7,-11,4,6,-4,-6,-7,-3,-4,2,4,0,0,0,8,1,3,32,18,27,21,15,16,20,17,17,28,18,22,23,15,29,31,18,16,25,19,22,26,21,23
Bialystoker Pl & Delancey St,5,0,6,-1,-2,-5,-5,5,10,2,-7,9,-12,-2,4,-3,-6,0,-3,1,-2,-8,-4,-4,15,14,18,7,20,21,15,17,16,16,17,19,26,10,18,11,12,20,11,23,20,18,22,22
Norfolk St & Broome St,7,3,-2,6,0,0,-4,7,-4,-3,4,-2,1,-1,3,1,5,0,-2,3,2,6,5,5,19,17,14,14,22,17,14,15,21,21,18,22,11,7,11,17,9,6,16,15,16,18,15,18
9 Ave & W 16 St,-5,-6,0,-6,9,3,-7,3,2,2,4,-1,-9,9,-6,0,10,-9,-7,-6,0,2,2,3,25,24,32,30,29,25,28,31,32,28,34,32,33,31,27,32,36,23,26,26,34,30,28,37
E 32 St & Park Ave,-4,1,4,1,1,-1,0,-5,0,-1,-1,8,3,0,7,-1,-8,6,5,-9,-1,-1,10,-1,42,38,34,31,37,35,36,59,44,43,37,34,39,46,48,57,60,50,45,31,39,29,36,37
Myrtle Ave & Lewis Ave,0,-2,-1,0,0,1,-1,3,0,3,4,1,1,0,2,2,1,-1,3,-1,-3,-1,0,-2,6,4,1,6,4,3,5,3,2,5,6,7,1,4,6,2,5,7,4,3,5,1,2,2
DeKalb Ave & Hudson Ave,-7,3,6,0,3,1,2,1,1,17,2,1,8,2,0,9,1,1,2,5,6,6,7,6,19,11,8,16,9,7,11,13,19,29,18,17,18,12,20,17,13,17,14,9,16,12,11,14
E 45 St & 3 Ave,3,2,-1,4,2,-3,0,-7,3,3,2,-9,2,-1,-6,8,8,-1,2,10,2,3,3,-2,7,20,19,18,30,21,22,27,23,29,16,17,20,17,14,26,12,33,24,26,22,19,27,24
E 33 St & 2 Ave,2,0,-8,1,-4,-5,4,-5,-6,-6,-9,14,-7,-4,-6,-6,3,5,2,-3,3,2,-2,-7,20,30,36,37,37,43,38,33,40,34,45,34,26,22,38,30,33,35,26,33,25,42,36,37
N 11 St & Wythe Ave,0,0,-3,0,2,3,1,1,0,0,2,0,1,-4,-4,-3,2,2,1,1,-2,2,-2,0,4,5,5,4,6,3,10,3,4,4,4,6,5,6,4,7,6,6,3,1,4,8,6,2
Devoe St & Leonard St,1,-1,2,0,-1,1,1,0,2,-1,0,-1,1,1,-4,1,-1,3,1,2,-1,-2,0,2,1,3,2,4,1,5,5,2,5,1,2,1,5,3,4,7,1,3,1,4,1,4,0,2
8 Ave & W 52 St,-5,8,-3,-3,12,-1,3,-7,-3,-1,3,3,1,0,-2,-6,1,-9,-3,-10,13,-14,-11,3,21,26,34,17,28,33,35,31,33,25,33,31,35,32,30,24,19,25,33,33,29,31,29,25
W 52 St & 9 Ave,-2,-4,-1,-1,-4,-7,0,-10,-8,2,-4,-3,-4,-6,-4,-2,-2,1,3,-1,-8,2,3,-4,20,20,17,21,22,27,22,22,20,20,20,17,20,25,25,19,20,19,17,14,22,16,19,20
9 Ave & W 22 St,5,-9,14,0,-1,9,-2,-1,-3,3,11,-1,-1,-5,4,-7,1,4,-2,7,-10,-3,-12,1,27,43,40,32,29,31,34,35,31,23,41,41,31,27,36,43,25,19,32,45,30,37,24,37
W 15 St & 7 Ave,2,1,2,4,0,-12,0,4,7,8,1,0,-2,-10,2,0,0,11,9,-11,3,7,3,10,26,31,35,24,30,34,22,29,28,37,21,23,26,30,30,22,28,23,31,29,19,31,24,28
E 20 St & 2 Ave,2,1,-5,9,3,8,-3,-5,2,-1,-12,7,-3,-11,3,3,2,2,2,4,6,1,0,-2,26,35,33,33,27,40,33,43,46,41,30,41,41,45,35,31,34,44,36,36,37,39,38,50
W 26 St & 8 Ave,2,5,-4,-6,0,0,4,6,-6,3,-15,4,-12,-9,4,0,-11,5,6,1,-3,-2,3,3,32,41,36,34,29,37,30,39,25,33,39,38,32,39,38,36,35,41,30,43,33,46,43,39
W 67 St & Broadway,0,-3,5,-4,4,7,1,-2,2,2,0,4,1,-2,-2,0,-2,0,1,1,0,-5,1,4,16,11,17,16,14,15,17,16,14,18,18,17,17,27,14,20,23,16,15,21,4,20,19,16
E 72 St & York Ave,-5,-3,-6,6,-10,8,6,1,3,-10,3,-2,-7,2,2,-6,5,0,-2,0,-4,0,-2,-10,19,27,19,23,28,24,26,21,27,19,21,23,30,20,18,24,23,22,25,30,20,24,28,18
E 43 St & Vanderbilt Ave,9,10,-9,5,5,-3,15,4,10,-4,1,-11,0,5,-4,-4,-7,-9,-8,-2,-1,2,3,5,55,64,55,57,79,50,45,62,44,46,59,61,70,81,54,52,65,63,68,55,45,64,49,73
W 38 St & 8 Ave,-12,-9,-5,-1,-9,7,-8,10,-7,22,-8,-2,-1,14,4,-5,7,3,-3,-6,4,9,-10,1,38,35,49,41,39,51,38,50,55,58,52,54,43,38,46,38,51,47,48,52,45,31,62,51
W 31 St & 7 Ave,-4,-2,7,17,6,7,-1,-13,-6,3,-1,1,7,-6,-1,-3,-1,-8,9,-3,6,14,-9,1,44,64,57,47,48,55,47,53,56,37,46,43,53,51,44,45,39,48,41,43,54,46,51,51
Bank St & Hudson St,-2,7,0,4,-2,8,6,2,5,-6,-3,1,-10,-1,10,-1,-4,-3,5,1,-5,-3,-10,-7,31,31,20,26,18,24,18,26,27,16,21,19,20,17,20,25,16,17,23,29,17,15,18,25
W 45 St & 8 Ave,-2,-3,-10,-7,6,0,4,6,-3,-6,1,-4,-2,1,-6,-11,1,-3,-5,5,0,-1,6,-5,32,21,30,25,27,28,38,19,31,34,13,20,32,25,28,37,27,27,21,24,22,25,30,34
Elizabeth St & Hester St,2,-10,6,3,1,-3,-10,5,0,9,-2,-5,-1,-8,2,3,-4,2,1,-1,-3,-2,-1,1,14,20,12,20,9,27,30,27,20,21,20,15,17,16,20,21,18,20,17,14,29,14,23,23
E 25 St & 1 Ave,-4,-1,-6,2,2,0,-3,-4,-2,0,-4,-2,9,4,-9,-4,-2,-1,-1,2,-4,7,2,-4,20,31,23,24,22,22,21,32,22,24,14,21,33,24,23,16,30,17,23,22,14,21,26,20
E 39 St & 2 Ave,-5,-2,-4,-4,-2,-1,9,-2,7,3,3,3,5,-6,3,9,1,1,-3,-2,2,11,2,-4,29,30,29,38,32,41,47,26,47,41,48,41,39,40,49,39,43,51,29,42,52,51,32,44
E 16 St & Irving Pl,10,6,6,6,7,-2,3,-2,-6,6,-2,-6,-16,3,3,-1,1,6,3,15,2,-3,-9,-9,27,25,28,34,33,44,41,28,40,38,24,20,34,27,23,31,39,38,37,37,19,37,34,30
Perry St & Bleecker St,1,0,3,-1,-2,3,7,0,0,4,2,0,-4,2,-1,2,3,5,-4,5,-1,3,-2,2,9,16,13,15,18,13,23,13,14,12,16,10,22,11,17,12,13,23,23,17,7,15,10,10
Washington Ave & Greene Ave,0,-1,0,0,0,-1,1,-2,1,0,2,0,-2,-2,-1,-1,0,-1,-3,2,0,-2,0,-1,0,3,2,2,0,1,5,2,1,6,6,2,2,2,1,3,2,1,5,2,0,2,6,1
Washington St & Gansevoort St,-7,-2,4,0,-6,2,8,-2,6,-4,3,18,11,-1,0,0,-3,-5,-5,-1,-1,1,5,9,23,31,28,34,34,40,30,40,18,24,33,38,31,45,36,34,33,25,51,24,29,30,37,33
Lafayette St & E 8 St,-11,-5,-8,6,-4,-19,-5,-7,-11,2,13,3,5,-6,-3,12,2,-1,12,-6,-5,-4,-5,3,69,67,65,76,78,67,88,81,91,71,77,65,65,69,77,72,68,71,72,60,69,79,55,70
E 6 St & Avenue B,-1,4,-2,0,-6,2,6,0,-1,-7,-2,-3,1,4,0,5,-4,0,0,2,1,5,5,4,16,18,14,16,14,18,14,18,27,24,14,20,21,20,14,11,16,28,10,12,23,25,18,16
E 53 St & Lexington Ave,-2,-2,5,-1,-7,2,1,-2,-2,4,7,-10,2,1,0,5,1,-9,0,5,0,0,-5,3,12,14,19,4,13,11,15,16,19,20,17,20,14,17,14,21,13,19,14,19,12,18,17,15
1 Ave & E 68 St,0,2,-6,4,3,-3,3,-13,-9,-4,-18,-5,-1,-11,0,-1,9,-4,5,-2,-1,11,-1,7,30,34,26,26,35,33,46,37,41,36,45,39,33,39,36,21,55,40,37,35,41,45,30,25
Broadway & W 58 St,7,7,4,-4,-4,4,1,-4,2,-6,11,-2,5,-13,-8,4,-2,4,0,0,-8,6,-9,-3,34,23,34,34,32,29,36,28,36,33,29,46,33,39,39,40,54,47,35,38,32,25,47,29
Greenwich Ave & 8 Ave,-2,-6,-8,-8,6,10,9,4,19,-1,-3,5,10,8,-2,7,14,-3,11,11,3,7,10,-1,48,35,42,50,40,48,56,52,63,55,42,41,42,45,46,41,45,45,42,51,41,45,42,49
Forsyth St & Canal St,3,-8,0,3,-5,3,4,-1,3,-3,5,4,7,-6,-5,3,-2,7,-2,0,-10,-5,2,-9,11,12,12,13,15,9,20,15,23,13,17,14,19,23,13,16,13,23,20,12,20,13,14,9
Front St & Washington St,4,5,4,3,-2,-2,-1,1,-4,5,7,0,1,-2,-2,0,-5,0,-3,1,1,0,-2,-5,10,15,8,9,10,4,6,5,12,15,20,4,13,5,12,10,7,6,9,7,7,15,12,11
Meserole Ave & Manhattan Ave,-1,-2,0,-3,2,-3,-3,-2,-6,0,-1,0,-1,0,3,1,1,-1,2,-1,5,-3,0,0,3,6,4,5,7,7,5,6,8,6,7,4,3,4,11,11,3,9,2,9,7,3,6,4
E 4 St & 2 Ave,-3,0,2,-2,4,4,8,3,5,10,16,-7,2,3,-2,3,-3,-5,5,5,0,-8,-2,-3,17,24,20,20,20,24,22,19,25,20,27,23,18,23,16,33,25,14,19,23,22,31,22,19
E 75 St & 3 Ave,-5,-2,-2,-3,3,4,1,-1,-3,-3,2,-5,-2,-5,-8,-2,0,2,1,0,-5,-4,-6,4,13,10,16,12,15,20,13,19,23,21,10,21,16,17,14,16,14,21,10,12,17,8,16,13
1 Ave & E 62 St,-3,-3,-9,-5,-1,1,-3,2,2,-2,0,4,6,-2,-3,3,2,-4,-1,-4,5,-3,2,-7,19,15,21,23,20,15,21,28,24,16,28,24,28,31,20,21,33,20,15,20,17,13,18,25
E 43 St & 2 Ave,-4,0,-1,-4,-7,-5,-5,-8,-4,3,3,-4,4,8,2,-2,-1,-6,-5,2,-1,3,-4,-1,12,16,19,22,13,23,19,18,16,11,9,12,14,25,22,20,23,20,15,23,13,17,10,22
W 33 St & 7 Ave,6,8,4,6,16,-2,-3,1,17,9,3,6,-2,14,0,4,-4,9,2,6,8,5,-3,3,30,48,46,36,44,44,35,29,53,37,43,60,34,46,46,42,36,40,36,52,42,37,53,35
6 Ave & W 33 St,0,2,4,1,8,-6,-2,-1,5,4,0,0,3,-4,-9,6,-2,-4,-5,2,3,-9,-7,8,20,34,40,55,40,30,37,39,41,30,40,52,47,44,35,49,44,40,31,48,39,47,45,58
West Thames St,1,-3,1,-5,-3,-5,-1,0,-4,0,-4,0,-1,0,0,4,2,4,-1,-2,-1,4,-3,4,25,29,24,21,25,20,13,21,16,28,22,21,16,26,25,22,26,19,18,22,27,23,21,16
E 7 St & Avenue A,-3,4,6,-4,-8,-1,8,-7,-1,-3,-2,2,-5,-3,12,3,-16,-6,8,-9,-3,-6,9,-2,37,34,30,50,38,35,42,42,52,43,50,29,38,39,32,41,62,40,42,35,32,30,45,50
1 Ave & E 15 St,2,9,1,11,-1,2,1,2,7,6,-6,13,4,-6,0,-1,0,7,9,1,2,-9,8,8,32,33,23,28,35,34,33,40,37,44,27,33,50,37,31,23,31,27,37,33,30,34,30,44
W 20 St & 7 Ave,-2,5,-7,-3,3,4,-2,7,-9,6,-4,2,5,-1,6,-2,7,0,-1,5,-2,-6,-1,7,46,37,47,28,32,40,33,39,35,36,30,34,31,25,28,34,35,38,37,33,38,30,36,37
W 42 St & 8 Ave,-14,-9,-1,-6,10,8,5,9,-11,-14,-7,-3,-1,3,-21,-2,-9,-16,-4,-15,-11,-3,-16,-10,40,57,49,44,44,36,45,59,65,46,37,43,51,43,53,54,47,70,44,61,41,29,46,52
W 46 St & 11 Ave,1,10,-2,0,5,-1,-9,-5,4,3,-1,1,-6,-4,-1,10,4,2,-9,-5,-2,-4,9,2,25,26,22,22,19,31,33,17,25,27,21,19,22,16,18,28,22,24,27,25,21,18,17,20
Nassau Ave & Russell St,0,-1,3,-4,3,0,2,3,-1,1,3,5,-4,0,-2,-2,-7,-1,-7,2,-4,2,-7,-1,4,9,9,6,3,6,8,13,3,5,11,7,10,8,10,8,15,5,11,11,10,6,9,9
Driggs Ave & N Henry St,1,-4,2,-2,-1,-2,1,-1,-4,0,-3,0,2,-2,1,-4,0,-7,-3,-4,-1,-1,-1,0,5,6,2,10,9,8,9,5,4,6,7,6,6,8,11,6,4,9,9,6,1,3,7,6
Greenpoint Ave & Manhattan Ave,1,0,-4,3,2,-1,-6,1,2,3,-2,-1,-3,-5,-1,-2,1,2,0,0,-4,3,0,3,7,6,6,7,6,5,10,5,6,9,6,5,5,9,8,4,7,6,4,5,5,5,6,5
W 13 St & 7 Ave,-6,3,-2,1,10,0,-6,1,-1,6,-2,5,-1,-9,3,3,2,-4,1,7,3,4,-5,-4,24,27,18,21,33,35,26,25,17,24,30,19,27,23,27,27,22,17,31,21,31,24,32,22
44 Dr & Jackson Ave,0,0,0,1,-1,3,0,-2,-1,-1,-1,-2,-4,0,3,-2,-5,1,2,7,0,1,2,-2,4,2,8,7,5,7,4,4,5,3,3,4,6,2,5,2,6,6,2,7,6,12,5,6
E 27 St & 1 Ave,-5,1,0,-2,-2,4,1,1,0,-3,0,-7,2,11,-9,-3,1,-2,-6,2,1,-8,-8,-2,21,19,18,20,10,22,17,19,22,17,14,19,12,23,13,23,15,22,20,24,19,20,16,21
Driggs Ave & Lorimer St,1,-1,4,2,0,0,1,3,-3,-1,0,-3,-1,1,3,-1,0,3,4,0,-1,3,-3,-2,1,5,6,6,2,4,5,5,7,4,4,5,5,1,7,7,4,5,4,2,3,7,3,2
Bayard St & Baxter St,-5,-8,-2,7,1,-5,7,4,7,6,0,3,-6,-5,3,-4,0,-7,2,-1,8,-3,-3,0,25,18,15,17,14,13,15,18,19,12,16,15,18,12,19,22,20,17,12,9,19,11,29,12
Barclay St & Church St,-4,4,8,0,-9,5,-1,-2,-9,-1,3,-8,-7,3,3,-2,3,-2,5,-7,-2,11,-7,-2,48,45,54,44,45,39,39,34,33,35,43,38,39,33,53,42,31,40,47,55,32,39,49,40
Greenwich St & N Moore St,2,-5,-8,-4,-14,0,14,-1,6,1,2,-4,7,1,-7,0,6,2,-2,7,1,6,7,0,30,27,31,32,30,26,32,35,22,23,26,32,31,27,34,28,28,20,26,27,31,18,25,20
E 15 St & 3 Ave,-1,-6,-2,-3,-8,4,-2,5,-3,-4,-4,0,2,2,4,-13,-2,6,0,7,7,-12,5,0,32,26,30,27,30,30,30,27,23,36,30,27,40,30,34,29,38,24,36,21,31,28,25,32
E 20 St & Park Ave,3,-7,-1,-4,-4,4,-5,-2,-8,-6,7,-3,-5,-1,-1,2,-11,6,-7,-2,7,-4,1,-2,41,33,45,27,30,38,39,41,32,32,29,33,49,31,32,28,27,34,29,28,33,42,29,38
India St & Manhattan Ave,0,-1,0,2,-1,0,3,-2,-4,0,2,1,1,-1,-4,-5,4,-1,0,1,2,1,0,-4,4,1,3,2,7,8,7,6,5,2,8,5,9,7,8,9,7,5,8,5,8,5,4,6
Kosciuszko St & Nostrand Ave,0,1,0,0,-2,-1,3,1,-1,-2,-3,-1,-3,-2,3,2,1,0,-1,-1,2,1,2,0,0,1,0,0,2,1,5,1,1,2,5,1,3,2,3,4,1,0,1,1,2,1,2,0
E 25 St & 2 Ave,-7,3,3,-1,18,1,-6,1,-2,6,-4,3,-1,3,7,4,-3,7,-5,-10,-1,0,6,0,31,35,33,41,36,41,30,33,28,40,38,47,33,33,41,38,45,37,39,48,35,26,31,47
E 14 St & Avenue B,-6,-1,-6,1,1,17,-6,-3,3,4,2,-11,-1,-4,8,12,10,5,2,-5,-14,2,8,0,43,37,36,35,45,34,48,39,53,52,27,47,47,46,30,38,34,39,35,43,42,50,38,38
Concord St & Bridge St,1,2,2,0,0,3,-3,0,0,4,-1,1,4,3,-3,-3,-1,-2,1,-3,-2,-2,0,1,1,2,4,2,0,7,7,0,4,4,3,5,6,7,5,9,1,2,3,7,4,4,2,5
Hicks St & Montague St,-1,1,0,-2,2,-1,1,-2,-3,3,-2,0,-3,0,-3,0,-3,1,-1,0,2,6,-5,-3,7,6,2,4,7,3,3,4,7,4,4,4,5,8,7,8,12,7,3,6,6,11,5,5
Division St & Bowery,-7,1,-3,-1,-4,-3,0,-1,2,-3,0,-1,5,1,-2,-5,4,4,0,1,1,0,-3,-3,11,13,5,9,12,19,8,13,8,7,18,15,7,13,16,13,10,16,18,9,11,12,13,11
9 Ave & W 45 St,21,-1,8,-1,3,7,-9,0,11,5,-1,-4,-5,-6,3,-8,-9,-2,3,-4,-4,-10,-5,-5,34,25,30,33,23,32,29,36,23,41,27,28,37,38,37,41,31,37,32,43,29,30,29,23
W 29 St & 9 Ave,1,-1,5,-1,10,-7,-5,0,-1,-4,-2,-4,-3,2,4,-9,7,-7,2,1,-2,8,2,-3,13,21,34,21,22,22,15,20,19,22,24,20,23,30,32,25,21,19,14,15,15,22,18,23
Columbia St & Rivington St,-1,5,5,-3,2,3,-1,-4,0,3,-2,-3,6,2,4,0,-1,-3,3,5,1,-2,3,-7,7,17,14,8,4,10,10,14,8,8,14,13,14,9,12,6,19,9,11,15,13,6,11,15
Christopher St & Greenwich St,2,2,-2,-6,-4,2,2,1,8,-3,-11,6,14,10,4,-4,-13,4,3,-16,0,-6,3,3,40,42,30,26,45,35,42,29,30,47,33,42,40,44,45,46,41,42,37,56,38,44,33,51
Greenwich St & W Houston St,-3,-11,1,-5,-2,-4,8,-7,-1,-2,9,6,11,10,8,8,-2,-3,6,-2,2,-10,10,0,41,35,37,35,26,34,40,48,37,38,29,44,31,42,40,36,38,39,48,42,30,34,28,32
LaGuardia Pl & W 3 St,4,-11,9,-6,8,-1,-2,-2,5,-14,0,-4,0,3,0,6,3,-4,-2,2,1,6,4,6,36,45,37,36,38,25,40,30,25,48,43,32,50,27,29,41,46,36,34,44,42,26,40,40
Stanton St & Chrystie St,-8,-5,1,-11,-2,10,-7,1,-4,-6,2,-1,-2,6,-2,9,5,-2,4,-6,-1,-1,5,-8,23,25,13,20,16,22,20,19,28,30,16,21,16,22,24,17,13,32,20,18,19,21,21,28
Pershing Square North,-3,17,-17,-5,6,-11,5,2,0,9,2,-19,6,-2,5,-8,-8,-2,-21,-7,1,-12,8,8,99,79,89,100,83,78,77,74,110,109,82,102,114,86,109,94,86,112,99,81,95,101,86,86
Washington Pl & Broadway,3,-7,5,-3,4,-4,1,-6,1,14,4,0,9,1,-3,3,2,-5,10,4,3,-5,1,-3,35,33,41,26,32,26,34,24,45,30,32,20,33,31,37,33,44,27,46,33,45,47,29,43
Fulton St & Broadway,-5,1,-3,4,0,-2,2,5,-6,-3,-1,5,6,-2,-1,2,1,4,0,0,1,-5,4,0,25,17,13,10,12,11,16,9,12,19,15,11,10,17,11,16,13,14,12,20,11,15,14,18
Broadway & W 49 St,0,1,2,0,0,0,0,0,0,2,1,0,1,0,2,0,0,0,1,-1,1,1,1,1,0,1,2,0,0,0,0,0,0,2,1,0,1,0,2,0,0,4,3,1,1,3,1,1
Leonard St & Church St,0,5,0,-4,2,0,1,5,-1,1,-7,-6,4,-4,3,5,-2,0,-2,-4,-3,2,-1,0,14,11,14,14,14,20,19,17,17,7,13,12,18,12,17,19,10,18,8,20,19,16,11,16
Peck Slip & Front St,13,-5,-2,-3,6,-6,0,9,-3,-1,1,2,-4,3,0,2,2,2,8,-5,5,5,-6,-6,30,17,10,13,17,18,21,18,25,15,18,13,22,9,12,8,20,11,18,34,11,23,16,20
W 53 St & 10 Ave,-7,0,-3,3,3,1,-1,8,-6,2,2,2,4,1,-6,-2,-4,3,-3,-6,2,-2,4,-4,23,12,19,15,21,17,12,24,20,14,24,16,18,21,21,12,19,19,21,28,14,10,14,22
8 Ave & W 33 St,1,5,8,15,20,-6,-2,-1,-4,1,-9,-8,-2,2,4,-1,3,-20,-5,-13,-8,-7,8,0,41,47,53,45,48,38,34,53,46,37,63,34,30,54,57,51,40,58,47,49,62,57,58,54
E 6 St & Avenue D,-1,5,4,3,0,3,2,-3,0,-2,4,1,2,1,-1,-1,-2,8,-5,-2,-4,-1,-9,-2,11,11,6,7,10,5,6,7,6,8,8,8,4,7,3,3,6,10,9,12,10,7,15,8
E 2 St & Avenue C,-1,-1,-1,2,2,-2,2,0,2,9,-2,-4,-1,3,1,-2,3,0,-3,0,5,-1,9,-4,17,15,15,8,6,20,10,8,14,17,8,14,15,7,11,6,5,12,15,10,13,14,13,12
Broadway & W 51 St,-5,-13,7,-8,10,-3,-4,0,-6,-5,-4,-13,-6,-7,-3,-6,1,-13,-11,-6,-2,-6,-2,-6,37,39,22,30,45,38,30,42,40,39,32,41,32,37,44,33,29,29,47,32,29,32,40,35
E 19 St & 3 Ave,0,0,0,0,0,0,-1,0,1,0,0,0,0,0,0,0,-1,0,0,0,0,-1,-2,1,0,0,0,0,0,0,1,0,1,0,0,0,0,0,0,0,1,0,0,0,0,1,2,1
St Marks Pl & 1 Ave,9,3,3,1,0,3,-4,-6,4,11,-12,-2,-16,4,-3,-3,-6,1,-4,2,-3,1,-1,-1,19,17,11,11,18,17,20,28,28,23,29,16,24,20,21,23,26,21,16,25,19,19,24,23
Catherine St & Monroe St,-3,-1,-6,-1,1,2,4,-2,-2,-1,3,4,2,5,2,5,-1,3,5,2,2,-4,-1,1,17,8,10,7,11,13,12,6,11,15,15,10,6,7,8,9,5,9,9,8,8,8,7,9
Centre St & Worth St,5,-6,2,-4,-1,1,-2,-6,-1,3,2,6,-10,-3,-4,4,-5,1,-7,-3,-2,-4,0,2,19,14,18,16,13,9,14,16,7,15,22,20,20,9,12,8,15,19,19,13,10,18,20,12
E 72 St & Park Ave,1,-4,-2,1,-5,4,-1,-2,2,-2,-2,8,-6,0,2,-8,-2,-5,-3,2,2,-2,-10,-2,13,14,12,11,9,12,15,16,12,12,14,10,18,8,16,12,16,11,11,8,9,14,14,10
Suffolk St & Stanton St,4,-1,-1,-2,-1,5,-6,-7,0,1,3,8,1,-5,-2,6,4,-8,8,2,-2,-11,-7,0,21,19,23,26,25,25,26,28,30,21,19,16,19,25,22,22,26,22,26,16,26,29,28,26
Columbus Ave & W 72 St,-3,-2,-1,0,8,-3,-1,6,-2,-2,-4,-4,2,-3,-2,-1,-1,5,3,4,-2,-2,-2,3,13,10,19,16,24,25,17,18,16,19,14,15,21,21,18,19,13,17,28,16,10,16,12,17
Broadway & W 55 St,-2,-11,9,-1,-17,-1,1,-11,-6,-3,3,-6,4,-1,4,4,7,-1,3,-6,-4,1,-8,-11,28,27,27,27,39,28,29,39,25,24,21,24,19,35,30,36,27,21,44,34,32,23,34,40
E 17 St & Broadway,0,31,16,4,12,-11,-6,-3,-6,-2,12,-6,7,-3,6,6,-1,-1,0,-5,-8,1,2,0,66,69,62,71,52,46,65,74,52,48,62,42,59,61,40,52,57,61,62,70,65,52,50,56
S 4 St & Rodney St,0,-1,2,1,0,0,-1,1,0,-1,0,1,0,0,0,0,-2,-2,0,0,0,-2,3,2,0,3,2,1,0,0,1,1,0,1,0,3,2,0,2,0,4,2,2,2,0,2,3,2
1 Ave & E 78 St,4,-3,1,-2,3,-4,3,-2,-4,6,-3,2,2,-1,-3,1,-1,4,4,1,-7,-3,2,10,16,17,19,14,17,14,19,14,24,20,18,18,18,17,21,25,23,22,22,24,9,26,12,27
Carmine St & 6 Ave,-2,3,-12,1,1,-5,-9,-20,-5,-1,5,9,1,4,0,-11,12,7,5,8,-4,12,-2,-5,44,53,50,42,43,39,55,54,50,43,49,43,42,64,42,57,54,57,62,40,56,38,44,51
Central Park West & W 68 St,-2,-2,-3,-1,0,-8,-14,-5,-2,-8,4,2,-3,-4,-1,-2,9,-3,-4,-5,0,6,0,0,10,8,11,10,12,21,19,17,14,20,23,14,18,16,20,16,15,19,12,27,22,14,16,15
W 49 St & 8 Ave,-4,11,-8,-3,-7,3,0,-6,3,-6,-2,3,-7,0,-4,10,-7,-7,2,5,-9,0,8,-5,32,43,30,36,23,31,28,31,38,32,39,33,38,34,42,49,39,28,32,35,25,38,30,33
E 10 St & 5 Ave,13,5,-3,5,2,1,0,-3,9,4,4,4,-2,-1,-4,8,5,-3,0,4,0,-2,-2,-2,31,23,23,21,26,33,26,28,29,30,40,38,30,31,26,28,17,23,24,18,28,27,23,30
Allen St & Hester St,7,3,-12,5,3,-11,9,-1,4,5,6,7,0,1,14,2,0,-3,4,0,4,4,-3,1,23,21,18,15,19,29,22,21,26,21,24,19,26,15,24,14,26,17,17,18,22,20,11,15
Montrose Ave & Bushwick Ave,-1,-3,-2,5,0,0,5,1,-2,-2,1,0,-2,0,-4,2,4,3,3,-3,0,0,-3,1,5,5,6,7,2,8,5,3,2,2,5,2,2,2,6,6,5,5,5,7,2,6,3,9
W 52 St & 5 Ave,21,14,5,22,15,20,10,17,17,29,12,20,14,14,12,19,14,5,13,14,11,11,19,26,45,32,33,34,27,37,30,34,37,47,26,30,42,40,34,35,34,24,31,32,31,41,23,34
W Broadway & Spring St,-1,-9,-6,-2,1,-7,14,14,2,4,6,-7,-2,4,5,3,7,11,2,10,17,9,-7,6,38,38,37,32,33,43,38,46,34,40,35,52,34,36,45,45,51,35,46,43,41,40,31,46
Central Park West & W 76 St,3,2,2,9,7,-1,-3,-6,2,4,-1,-8,-3,3,1,5,-6,-4,5,-2,-9,-10,-6,-4,21,19,10,17,15,17,17,10,18,26,14,24,13,19,13,19,10,27,21,17,27,15,16,17
E 85 St & York Ave,4,0,7,10,6,4,11,8,3,-4,4,-2,1,3,12,5,0,0,4,-5,5,-1,7,8,28,21,28,12,15,18,19,23,13,30,25,22,13,19,22,22,26,28,24,20,21,25,27,14
Allen St & Rivington St,0,-5,7,2,2,-4,-1,-5,6,3,3,2,4,2,1,6,-6,-3,3,1,1,0,3,0,34,23,32,18,27,33,24,21,38,32,23,29,30,30,15,24,22,35,23,29,25,24,19,23
Rivington St & Chrystie St,3,5,-3,1,1,5,-4,4,-2,-1,9,-2,2,-2,3,-1,2,-5,2,3,-2,-1,4,-8,14,9,15,11,11,17,16,12,12,13,21,12,12,14,12,17,24,15,18,11,14,15,16,18
Mott St & Prince St,16,7,-2,-3,1,-7,-4,3,-1,-4,-2,-5,-11,11,-6,-2,-10,-5,-2,-3,-2,6,0,-6,30,25,34,29,31,23,35,27,31,28,24,35,26,35,26,29,32,25,30,29,25,33,26,23
W 13 St & 5 Ave,-3,0,-4,-8,1,-5,-5,-6,-7,0,4,-2,7,5,2,9,9,6,11,7,-1,2,1,0,27,26,30,34,29,33,31,36,25,36,30,28,30,27,21,32,21,26,23,31,30,30,27,29
Broadway & W 53 St,0,3,-5,2,-8,-6,2,-6,-5,8,-2,-2,2,-2,8,5,7,-1,-3,1,4,8,5,2,20,17,13,28,30,25,18,14,34,33,22,22,14,27,24,20,25,15,23,21,34,24,23,20
Cadman Plaza E & Red Cross Pl,-2,-4,-3,-1,-2,3,0,0,0,-1,0,3,0,-1,0,0,1,-5,-8,0,-1,0,0,2,4,6,5,7,11,8,4,6,6,11,16,5,8,7,14,8,8,10,9,10,7,10,6,10
N 8 St & Driggs Ave,-2,9,1,-3,0,4,2,2,3,5,-4,2,7,-2,0,2,4,-8,-2,7,1,-2,-1,4,8,11,21,21,10,12,14,14,7,11,16,10,19,10,10,18,12,18,12,17,15,14,18,12
N Henry St & Richardson St,1,1,0,-1,-2,3,-2,2,0,3,-2,-2,0,3,-1,2,-1,2,2,-2,-3,0,3,-1,4,3,0,5,4,3,2,2,2,5,4,6,0,5,9,4,5,6,4,4,5,4,5,5
N 12 St & Bedford Ave,-1,0,-2,-4,2,-2,6,2,-4,1,4,-1,-2,3,3,1,-7,-3,0,1,0,0,-2,2,5,4,2,4,2,4,8,4,8,5,7,11,8,7,9,7,9,3,8,5,2,10,4,4
Cleveland Pl & Spring St,4,-14,-13,-3,5,10,3,-4,4,-1,0,9,-5,-6,-4,-9,-1,2,1,5,-8,8,-7,4,44,38,51,40,51,44,32,30,56,53,31,45,36,44,58,61,47,44,52,49,40,42,53,43
Fulton St & William St,-3,-3,3,4,1,-4,4,-2,6,0,2,-1,3,4,1,5,3,2,-6,-3,0,-1,-3,3,15,13,11,14,21,16,22,16,14,14,16,15,13,10,16,15,6,14,12,12,16,17,9,11
Greenwich Ave & Charles St,0,-5,-3,-4,2,1,3,8,3,4,-5,-9,5,-1,-9,7,-10,3,10,-2,-1,-8,4,3,24,23,26,20,22,21,23,20,20,25,19,25,15,22,25,21,28,23,28,21,19,26,29,21
E 55 St & Lexington Ave,3,2,-2,0,1,4,-10,1,-3,3,-6,-5,2,-4,6,3,-2,3,0,-3,-2,-7,-2,2,9,16,12,12,13,12,18,17,19,13,14,13,8,17,12,10,10,11,16,9,8,9,6,10
E 11 St & 2 Ave,2,-7,1,-7,0,-2,2,7,3,4,-6,2,-5,-4,-2,-8,4,-1,5,6,6,-1,-5,-4,18,25,25,25,27,24,26,25,22,18,32,16,23,21,24,30,25,23,28,26,29,27,29,27
Madison St & Montgomery St,-2,-3,4,2,-3,4,1,5,3,-2,-2,-3,-4,-1,-2,5,2,-1,5,-2,-1,1,0,-1,8,7,6,6,3,10,3,7,13,4,4,11,6,9,6,7,6,9,9,8,5,5,4,3
Avenue D & E 3 St,5,0,-2,3,4,-1,2,1,-1,-2,3,5,1,-5,1,2,-1,-2,-1,4,0,6,0,2,7,4,10,7,8,19,8,9,5,8,5,11,7,7,7,8,13,8,9,14,4,18,10,10
Broadway & E 14 St,-1,-3,0,7,-13,5,-15,2,10,13,4,9,4,-10,3,-8,8,14,11,2,-8,2,-7,0,56,52,35,57,71,61,55,51,49,61,58,58,56,42,55,42,61,58,59,56,59,51,61,50
1 Ave & E 18 St,-7,3,-2,0,-2,1,-2,-1,5,6,10,1,-4,11,2,-4,2,2,-12,-9,-2,-2,3,1,19,17,20,28,28,17,22,17,19,22,26,23,29,27,21,24,18,16,32,21,26,28,15,13
2 Ave & E 31 St,0,-2,-7,-2,1,1,0,-1,4,-9,-9,-1,-5,-4,6,3,-6,-1,-7,-2,-3,0,1,0,29,24,20,20,17,19,22,27,18,27,25,19,23,22,18,21,16,31,23,30,25,23,29,16
W 13 St & 6 Ave,1,-3,-2,3,3,10,-10,-1,-1,-12,-1,-6,-3,-2,11,1,7,4,-4,-14,-1,3,-4,3,25,35,32,51,24,22,36,41,36,45,39,28,39,40,29,29,31,26,40,38,36,33,40,42
Lexington Ave & E 29 St,6,-7,-1,9,0,-3,-4,-2,5,1,-7,12,0,-3,12,1,3,1,11,3,-2,-3,3,-3,26,27,31,15,36,27,28,24,23,44,42,39,28,27,32,21,37,31,25,39,26,35,43,27
W 70 St & Amsterdam Ave,-1,-8,2,-7,7,-1,1,-1,-1,-2,-8,-1,-4,-11,-1,-13,1,2,-6,3,-2,-5,-4,5,9,17,10,13,23,18,17,18,11,16,22,15,16,19,21,19,15,14,22,13,22,23,16,13
E 67 St & Park Ave,-4,-7,0,-8,-1,0,1,2,0,3,8,3,0,-2,-4,3,2,3,6,-2,-2,-7,-8,-1,20,21,20,24,19,12,15,20,18,15,10,19,28,16,14,9,19,13,14,19,16,11,14,19
E 2 St & Avenue B,1,-3,-1,-4,-5,0,-6,-6,-3,-3,-1,9,-2,6,5,-1,4,-2,-8,-5,-8,-3,3,6,27,13,19,16,31,28,20,30,21,11,17,23,20,26,23,19,18,20,26,32,28,31,23,14
E 9 St & Avenue C,3,-1,-6,0,-1,-2,-4,12,7,-4,2,2,5,4,2,0,-2,3,0,-1,-5,-2,-2,-2,20,9,14,8,17,12,16,18,13,16,20,22,19,16,16,10,16,15,14,11,23,14,14,16
FDR Drive & E 35 St,-28,-14,-25,-19,-13,2,5,4,-4,-4,2,11,-1,10,3,-1,7,-1,-2,1,4,-2,-3,-4,40,36,43,29,31,21,19,20,20,24,20,23,33,24,21,13,25,17,26,21,30,20,23,8
E 24 St & Park Ave S,1,-4,-9,-6,-5,3,0,-10,0,9,3,2,-6,-9,4,-1,-6,-6,-7,2,2,6,6,3,31,26,17,18,29,21,30,42,24,23,29,28,32,27,20,26,30,32,23,16,28,22,26,24
W 24 St & 7 Ave,-1,5,2,4,5,5,-1,1,7,6,5,-3,5,14,3,-11,2,4,-7,-7,0,8,7,1,37,37,44,30,25,37,37,31,47,44,49,41,43,44,39,41,44,44,40,47,31,46,25,33
Adelphi St & Myrtle Ave,0,1,0,3,1,0,2,-3,6,3,3,3,5,2,3,1,3,6,0,2,-4,-2,-3,5,6,7,8,5,5,4,8,9,12,9,9,4,13,2,5,9,9,14,6,4,10,8,3,7
Lafayette Ave & St James Pl,-1,-1,-3,-4,-1,0,2,0,-3,0,-2,-1,-5,-1,-2,-3,0,-3,-1,-2,-1,-2,1,0,3,3,5,4,3,4,6,2,5,2,6,3,7,1,6,5,4,7,6,2,9,2,5,0
W 18 St & 6 Ave,1,-1,0,-12,2,0,-1,0,-8,13,10,-4,-5,-7,-5,3,-1,-11,-8,14,3,7,-6,-6,41,35,40,44,34,38,34,50,32,47,46,46,39,33,39,43,39,48,42,38,39,40,50,56
8 Ave & W 31 St,7,5,3,12,1,0,-3,-9,-4,16,-20,-5,-10,-5,-5,-8,-17,-7,-3,5,-13,-5,2,8,53,43,58,54,43,60,67,43,44,50,58,57,46,69,47,52,57,47,55,65,65,52,50,54
Broadway & W 36 St,0,2,-6,-2,-10,-2,5,2,1,-3,-7,-1,-3,7,-7,7,5,2,0,1,3,5,-1,9,16,10,14,22,16,17,13,14,13,13,23,15,11,19,9,15,19,16,24,11,13,17,11,15
W 39 St & 9 Ave,2,-2,6,6,4,5,0,13,1,10,9,12,14,1,5,1,5,3,-1,-4,1,3,-4,3,33,25,26,38,30,33,40,35,45,34,31,32,36,41,45,39,33,31,43,42,21,33,30,39
Clark St & Henry St,-1,1,0,-1,4,8,1,5,0,5,-2,3,7,2,2,-1,-3,-3,0,-4,-6,-7,-5,0,7,11,2,10,8,14,9,13,10,13,10,11,15,6,14,3,5,9,10,15,8,10,9,8
Clinton St & Joralemon St,-2,-2,1,-1,4,-3,-2,-3,0,4,-2,2,-1,1,3,-1,-1,-3,-2,2,0,-8,-1,0,2,6,1,3,4,3,4,5,6,10,4,6,7,5,6,7,5,5,4,4,4,8,9,6
E 55 St & 3 Ave,-4,3,-1,1,1,-11,1,-10,0,0,7,-2,7,1,3,-3,2,2,1,-1,1,4,2,5,18,19,11,19,13,19,19,16,16,10,13,18,11,16,13,9,16,14,20,9,15,16,18,17
Broadway & W 24 St,0,-3,-9,4,-8,-5,-7,-2,-3,1,-4,-10,6,-3,-1,6,-1,0,9,-7,2,-7,8,1,36,43,49,49,36,55,27,32,43,41,50,38,51,41,47,40,49,46,45,37,62,41,37,41
Lispenard St & Broadway,3,0,-11,-5,-4,-6,2,-4,-2,0,-1,1,-1,-5,-5,-1,-1,-1,0,1,2,0,-3,-1,15,18,17,13,10,14,22,22,16,26,21,16,13,23,19,23,20,15,20,24,22,18,17,16
Canal St & Rutgers St,-2,-6,10,-1,3,1,-5,5,-2,-5,6,6,-8,0,-2,-4,5,6,-2,2,-1,4,8,0,18,22,24,23,21,19,23,18,22,17,36,24,26,20,22,19,25,32,26,14,27,22,22,30
Graham Ave & Conselyea St,-5,-1,-3,2,-3,-2,1,-1,-1,-2,1,0,0,3,1,1,0,0,3,2,2,1,-2,2,5,5,5,6,5,6,5,5,9,6,5,8,0,11,11,5,16,8,7,8,4,6,4,8
W 64 St & West End Ave,-1,-2,0,6,6,3,-2,-1,-5,2,-1,3,-8,2,-1,-4,-2,-5,0,1,-5,-10,0,-5,12,9,14,8,11,13,13,11,15,12,13,11,20,12,13,12,10,11,14,13,17,18,14,16
Central Park S & 6 Ave,-12,-13,-6,2,2,8,5,3,0,-8,-8,-2,0,-2,-1,0,1,2,-6,-3,-1,-7,0,-16,39,31,28,28,20,31,30,29,32,42,21,45,45,36,35,32,32,35,45,38,33,35,35,38
Lawrence St & Willoughby St,4,1,-1,5,4,-6,3,0,2,2,4,-1,0,2,-8,9,-2,2,0,1,6,-3,6,-9,8,11,11,13,16,10,5,6,8,8,6,9,14,8,12,11,10,14,10,6,12,7,10,11
York St & Jay St,-4,-3,7,-3,5,3,-1,6,5,7,-4,-1,4,-3,2,-5,1,-3,-1,2,7,-1,1,-4,14,9,13,11,19,13,15,16,13,13,14,15,4,5,14,9,13,13,19,18,15,17,9,20
Division Ave & Marcy Ave,-1,-3,-1,-1,0,1,3,1,0,0,-1,0,0,0,-1,0,-1,-1,-1,1,1,-1,3,0,1,3,3,1,0,3,3,1,4,2,1,2,2,2,1,2,1,7,1,1,1,1,3,0
E 13 St & Avenue A,6,7,1,-4,-3,8,6,1,0,1,0,3,-3,0,5,1,-6,4,-8,2,10,-2,-9,7,32,24,19,21,15,27,21,25,18,25,20,17,27,28,13,18,20,26,24,31,30,23,17,25
W 37 St & 5 Ave,-5,-9,4,0,3,-9,2,-3,2,-9,-3,-11,-5,10,1,0,-1,8,0,-1,-7,-1,0,5,19,21,24,22,23,27,28,33,40,29,31,25,31,36,27,16,29,38,24,27,21,37,25,31
W 45 St & 6 Ave,0,-1,18,6,2,4,-8,-5,-2,-7,-4,-1,0,10,0,1,4,0,3,2,-5,1,-10,-8,14,19,26,30,34,26,21,21,16,18,22,21,26,26,20,23,28,30,25,22,20,9,30,24
Lexington Ave & E 24 St,0,7,-1,-8,-4,-8,-15,21,-4,7,7,1,8,2,11,7,7,11,1,-3,4,2,1,-5,44,55,38,50,52,35,53,57,50,61,51,43,50,56,53,41,39,46,55,53,34,54,53,37
MacDougal St & Washington Sq,-2,0,-3,-4,8,1,2,-7,-7,-6,-1,5,2,1,-4,6,6,-4,7,6,2,6,4,3,30,28,19,28,26,29,18,27,24,39,29,29,22,25,28,28,34,24,19,32,28,34,26,21
E 11 St & 1 Ave,6,-1,-1,-5,0,2,-4,7,-7,-1,-3,-3,-2,-9,1,-4,4,-5,-1,-11,-3,3,1,1,15,15,19,17,18,16,14,19,29,19,25,15,23,23,9,22,20,17,20,19,25,23,23,25
Queens Plaza North & Crescent St,0,2,-3,4,-2,0,-3,4,0,1,-2,2,4,-2,3,-2,1,5,0,4,-4,-1,4,3,10,4,3,8,6,2,7,6,2,4,9,8,7,6,7,6,8,5,2,10,11,3,8,5
W 17 St & 8 Ave,11,3,2,1,0,-8,1,4,-8,10,-8,9,6,-3,-3,6,12,-5,-5,-1,0,1,-2,0,31,45,41,42,44,40,43,40,42,37,44,43,34,37,35,38,37,37,39,33,52,54,40,46
E 53 St & Madison Ave,-1,-5,-5,2,-3,-7,1,0,-8,-5,2,-11,3,-1,1,-1,-2,-5,-2,-2,-10,4,1,2,23,21,21,18,23,15,21,20,19,23,24,27,27,20,15,19,22,11,24,25,26,22,15,20
Broadway & W 41 St,-7,-3,-3,-15,1,1,7,-6,0,-4,3,-5,1,8,-4,9,-8,0,0,0,-3,-2,-10,6,29,34,37,29,35,37,41,28,40,26,31,35,25,38,34,23,30,34,46,40,33,32,40,33
Wythe Ave & Metropolitan Ave,-9,-8,-2,-2,3,-2,1,-2,3,-6,-3,3,1,-3,0,-2,-2,1,-3,-1,0,-3,4,1,17,10,8,8,9,16,7,8,5,8,11,13,19,19,8,4,10,23,17,9,6,9,16,13
Stagg St & Union Ave,1,-2,1,-4,-1,1,-3,2,0,0,3,-3,0,-1,-3,2,4,2,-2,1,1,0,1,0,5,4,7,6,5,1,5,6,4,8,3,5,2,5,5,2,6,6,2,3,1,0,5,4
Franklin St & W Broadway,0,1,-1,3,4,-4,8,-1,4,1,3,6,6,5,0,-6,-7,-4,-4,0,-3,-4,0,9,12,9,7,23,16,14,22,21,10,11,17,16,23,17,16,24,17,7,18,20,27,20,24,23
W 20 St & 8 Ave,4,0,2,-3,3,-1,9,10,1,6,-4,2,6,-1,-1,2,5,-2,-3,5,2,2,-1,3,24,22,42,11,25,34,24,24,11,22,21,34,26,26,19,20,21,24,23,23,22,22,21,21
W 56 St & 6 Ave,8,-4,5,1,7,0,-1,0,7,-2,5,-1,-2,12,-1,-2,-2,9,0,9,4,-1,6,5,26,21,37,21,27,24,31,26,39,28,32,25,28,33,32,16,26,37,30,25,39,33,34,33
Great Jones St,2,-1,0,-6,-9,-6,-4,5,-1,-10,-2,1,9,-4,10,-10,-1,2,3,2,0,0,3,1,34,33,20,30,27,26,24,23,21,30,20,37,31,18,24,34,25,24,28,40,28,36,33,37
Dean St & 4 Ave,1,2,3,0,3,7,3,2,-1,-1,-4,-6,2,-3,-2,-4,2,1,6,0,0,0,1,3,8,10,7,8,5,11,3,12,8,7,10,10,10,7,10,10,8,7,10,8,12,2,9,11
South End Ave & Liberty St,8,0,15,-4,11,3,-8,9,6,-2,0,-3,5,-1,-10,-6,7,5,9,5,2,-8,8,-2,40,42,37,36,39,29,34,39,53,44,48,45,39,37,37,34,42,38,49,38,52,37,38,37
E 20 St & FDR Drive,6,7,4,-8,-5,14,-9,6,11,3,-5,5,-5,2,-2,-3,3,6,1,-1,-5,-2,0,-9,24,16,19,20,21,24,27,29,27,31,21,18,31,23,20,19,24,30,22,19,19,28,18,25
E 3 St & 1 Ave,9,2,-2,-4,-2,-6,3,-10,3,0,-1,7,-8,3,-3,5,1,3,4,1,-8,3,-2,-7,18,16,18,14,24,20,22,24,9,26,25,23,24,25,25,23,9,23,18,25,19,19,28,17
Mercer St & Bleecker St,5,4,2,5,-4,-6,1,7,-1,0,7,10,-9,7,0,5,-4,-9,-6,-1,7,5,5,-6,37,34,30,27,28,40,31,33,29,32,45,38,39,40,29,35,37,31,40,35,41,37,37,42
W 14 St & The High Line,-2,-3,-7,-4,1,2,-4,-3,-6,4,8,3,-1,-1,-2,1,-1,3,-6,-12,-2,-7,3,1,20,19,22,25,27,26,24,13,16,20,20,11,15,13,10,19,23,17,15,30,20,21,15,19
St James Pl & Oliver St,3,1,5,4,-2,3,-4,-8,4,0,-1,-4,-1,-1,-2,5,-3,3,1,-1,0,-2,-4,1,13,13,10,12,10,9,12,12,10,13,9,6,11,17,18,13,7,9,9,15,8,10,8,11
William St & Pine St,4,2,7,-3,1,-5,-8,-7,6,-2,-3,0,-7,-2,-5,-1,0,-3,-5,7,6,-3,-1,1,12,11,11,15,9,19,24,17,24,14,9,14,13,14,13,11,12,9,11,15,18,13,7,11
N 6 St & Bedford Ave,1,-4,0,3,-1,7,1,-3,0,0,1,-2,3,2,4,1,3,-4,0,6,-2,-3,4,-6,7,10,14,17,13,15,15,11,12,10,7,11,10,17,8,11,11,16,14,8,12,17,12,12
Graham Ave & Grand St,1,2,1,1,-3,1,3,0,0,0,1,0,2,-1,5,1,-2,1,-1,-2,1,-1,1,1,1,2,3,1,3,1,5,2,4,2,3,0,2,1,7,3,2,3,1,4,5,3,3,3
W 56 St & 10 Ave,10,-4,-6,-2,-7,-1,2,9,-6,-3,-5,2,3,-7,0,1,10,5,5,4,1,4,-1,-1,18,12,14,13,19,13,18,15,19,29,21,20,21,17,22,19,16,31,17,19,17,14,21,15
E 12 St & 3 Ave,-6,6,10,5,-4,-7,2,-4,-4,-6,1,-3,9,-4,-1,11,-1,7,1,-7,7,11,-2,11,30,30,30,37,28,31,32,36,31,28,21,39,36,39,45,29,41,37,34,37,35,37,32,43
Broadway & E 22 St,1,-3,-2,-1,1,0,-2,-8,-8,-3,-4,0,-4,7,-1,-7,-18,7,5,10,13,-10,10,5,51,49,44,47,53,46,58,54,56,60,58,58,41,47,43,47,39,50,39,44,71,42,40,43
University Pl & E 14 St,-10,-11,7,0,0,10,8,9,-9,-22,8,5,2,2,9,5,-10,3,2,-2,0,-5,-2,-2,47,49,37,50,30,48,32,50,36,40,42,55,42,42,37,31,48,53,36,48,46,29,64,42
Mercer St & Spring St,4,0,-1,-6,-5,2,1,-1,-6,2,1,-12,3,-1,4,1,-2,5,-2,6,8,3,-2,4,20,14,19,22,25,16,19,21,12,24,15,18,11,22,27,13,16,21,20,28,26,7,22,22
Watts St & Greenwich St,-8,12,5,0,-8,7,5,8,-3,-5,-2,7,9,-2,5,2,5,-10,-10,5,4,4,3,-10,22,24,14,16,21,23,23,24,21,21,20,21,21,23,16,20,17,18,22,23,16,28,15,32
Lafayette St & Jersey St,4,2,4,1,11,-4,-1,5,3,4,0,2,-6,-4,0,-2,12,-7,0,6,-3,-3,-1,-11,40,35,30,47,48,32,35,37,39,42,54,44,37,52,26,40,45,49,42,44,37,37,45,39
W 41 St & 8 Ave,13,7,9,4,9,4,11,18,11,10,11,-2,12,-3,6,-3,4,-5,4,4,-2,4,9,-4,61,63,59,72,47,62,65,84,59,72,79,60,60,61,54,53,74,57,56,58,52,68,47,50
S 3 St & Bedford Ave,-2,1,-1,-3,3,-3,4,-2,2,-2,-3,-2,-4,1,-4,-2,-8,4,0,-1,1,-6,-2,2,5,3,3,3,7,3,8,8,8,4,5,4,10,1,6,4,14,4,2,1,5,10,4,12
W 43 St & 10 Ave,1,5,3,-9,-9,-4,1,4,-11,1,-4,-2,0,0,-7,6,0,-1,3,3,2,-14,4,3,17,31,25,30,28,25,37,20,35,35,32,20,24,24,31,28,20,17,31,25,24,28,29,29
9 Ave & W 18 St,1,7,8,3,-5,1,3,9,-7,0,-6,-5,0,10,1,-5,5,6,-5,-1,4,-1,-8,6,23,26,26,23,31,27,16,25,24,18,22,22,26,24,23,31,35,30,25,29,14,29,24,24
W 13 St & Hudson St,5,-2,-4,-1,-2,-1,10,-2,-6,0,2,0,-5,7,-6,3,2,6,-5,-6,0,-3,6,2,29,28,24,27,24,23,24,12,28,26,22,17,27,15,30,22,18,30,17,28,22,29,24,24
W 16 St & The High Line,-5,4,-4,-6,0,-2,-2,-1,4,5,-3,-3,-3,-15,-3,-10,4,2,3,-1,-6,5,-6,2,25,18,18,27,24,32,24,23,18,33,17,25,27,33,31,33,21,20,27,23,19,26,22,28
W 22 St & 8 Ave,0,-3,7,-5,2,6,4,-1,-1,7,-2,1,1,8,7,-6,2,6,1,-5,2,0,2,-7,28,27,23,27,26,22,21,29,29,29,27,30,21,32,31,22,24,26,28,26,24,30,30,31
2 Ave & E 58 St,1,-1,-2,3,0,1,-4,0,-3,4,11,0,4,5,-7,3,4,0,5,6,3,-3,-6,0,9,13,14,15,8,15,12,22,22,18,13,18,20,19,27,9,14,10,19,14,23,19,24,12
Shevchenko Pl & E 7 St,0,-3,-3,6,1,7,4,-5,-8,9,10,-6,-9,-1,-1,-4,-2,3,-3,2,-2,-3,5,-1,24,27,23,28,25,37,34,29,28,19,25,26,25,31,24,24,30,29,25,22,28,23,29,17
Central Park West & W 72 St,-3,0,-7,-7,-3,3,0,-8,-1,-2,-9,6,1,-10,4,-1,1,-6,-3,-8,0,-8,1,-1,19,24,15,21,19,15,12,15,19,20,17,23,27,22,19,11,16,24,23,23,26,26,21,18
Riverside Dr & W 78 St,0,-6,-2,-4,-6,-4,1,-5,-4,2,4,3,-1,5,-2,0,7,4,2,2,-3,5,-7,-10,10,18,10,12,10,11,13,6,8,16,9,14,7,15,8,14,15,16,10,8,9,11,11,15
Riverside Dr & W 72 St,-3,3,-2,-4,-4,-2,-7,4,2,7,-2,-1,1,-2,3,1,1,3,-1,3,0,-1,-11,-6,13,10,12,15,12,8,17,10,8,11,8,13,6,8,13,11,11,11,7,13,6,10,13,12
Vesey Pl & River Terrace,-12,-1,15,18,8,10,6,-11,5,-10,-5,1,21,6,6,9,-20,-21,-15,-14,3,-2,14,-6,58,47,47,40,36,35,44,63,42,40,37,43,47,54,45,46,48,77,63,43,39,36,40,48
Forsyth St & Broome St,-7,8,-2,0,-2,-4,0,-1,1,-5,-5,-5,3,-1,2,1,-4,9,-3,6,2,4,-4,2,17,22,30,20,22,20,18,23,26,24,24,17,25,29,14,29,20,23,14,12,18,20,20,16
Jackson Ave & 46 Rd,0,1,-4,-1,-1,-1,-2,-1,-3,-2,1,1,1,0,0,0,1,1,1,-2,-2,0,0,-2,4,3,4,1,5,3,2,1,3,2,5,1,3,0,4,2,5,1,3,2,3,2,2,4
21 St & 43 Ave,1,0,0,-1,1,0,1,1,3,1,1,0,-2,1,0,1,-1,1,-2,0,1,-1,0,0,1,0,0,1,1,2,1,1,3,1,3,0,4,1,0,3,3,1,2,0,1,1,0,2
Vernon Blvd & 50 Ave,4,4,-1,3,-5,-7,5,-2,3,-1,2,0,4,2,1,4,2,3,2,-2,-2,-2,-6,1,10,6,7,5,7,11,11,6,11,9,14,4,13,8,7,6,12,9,8,4,12,6,12,11
Center BlvdÂ & Borden Ave,-1,2,2,-1,2,0,-2,1,0,2,1,1,0,0,0,-4,-2,1,2,0,-1,-4,1,-3,3,2,4,3,2,2,2,1,4,2,1,1,4,1,2,4,4,1,2,2,1,4,3,3
Cliff St & Fulton St,4,-3,6,-6,-5,3,-1,-5,7,-6,-1,-3,-4,2,6,-7,-6,8,1,11,-1,-6,-1,1,20,11,26,18,19,19,21,19,23,24,19,17,22,18,16,19,14,25,17,19,13,19,19,17
Hudson St & Reade St,-2,4,2,-6,-4,-8,1,2,4,-7,-2,-6,0,-7,1,9,-6,4,-7,-6,-11,4,-3,-7,13,14,16,15,21,17,15,14,20,21,12,18,18,13,19,19,14,14,17,20,19,20,17,25
E 30 St & Park Ave S,-3,5,11,3,7,3,6,1,-7,-3,-8,-1,10,13,-3,-8,-1,-6,-4,4,-1,-3,5,-4,27,27,35,35,29,31,30,27,31,35,26,32,32,33,33,26,33,40,28,28,23,25,29,37
E 84 St & Park Ave,6,-1,6,-6,7,1,-3,-1,6,3,1,-1,1,0,1,-6,-3,6,4,-2,-7,8,0,3,19,23,22,16,27,21,15,15,20,11,21,17,15,18,27,26,17,24,26,24,13,24,20,19
W 59 St & 10 Ave,3,5,-2,-3,-6,-1,2,-10,3,4,0,5,0,8,0,-3,-2,-2,-3,1,1,-1,-3,-4,11,15,22,13,12,7,10,22,17,14,12,19,16,15,10,18,20,11,7,17,15,18,13,14
E 16 St & 5 Ave,1,4,7,7,-1,2,2,3,-5,3,-1,1,-4,8,10,1,-2,6,3,-3,-3,2,2,-1,41,24,32,40,32,33,26,33,25,40,35,39,32,36,36,25,32,32,39,33,33,28,34,31
S 5 Pl & S 4 St,-1,1,5,5,5,0,1,2,6,-6,7,-3,-4,5,2,-5,-5,3,1,-2,8,8,1,3,17,11,15,13,21,10,21,7,18,14,13,17,16,19,16,13,15,15,17,7,27,12,15,24
W 84 St & Columbus Ave,-2,3,-5,-1,-7,-6,0,-5,-3,1,2,5,-2,-1,-2,-9,1,-3,-10,-4,-11,-10,-6,-15,16,11,17,15,17,16,12,13,7,18,11,19,16,17,19,20,21,11,20,20,23,25,30,24
W 74 St & Columbus Ave,-3,9,4,-4,0,-3,-2,4,0,3,4,-11,-4,-4,-1,-5,2,-1,2,-3,-5,-2,-3,-5,17,13,10,10,6,10,8,9,14,11,14,13,8,8,9,13,6,11,14,9,9,16,9,14
W 4 St & 7 Ave S,-10,5,1,-4,2,-4,2,-1,6,6,-4,-6,-7,3,1,-3,-2,-2,-1,7,2,7,-6,-4,30,25,31,20,26,28,36,17,34,26,32,32,24,21,25,31,25,36,35,30,30,31,32,42
Cadman Plaza West & Montague St,-1,-6,4,2,2,-1,-1,3,-6,-1,1,1,0,0,5,-5,-3,6,-2,-1,0,3,-1,-1,15,10,7,6,8,7,5,7,12,11,7,9,12,4,13,9,11,10,8,11,12,9,13,11
Murray St & West St,1,-4,5,-2,0,2,0,-4,4,8,-7,-10,-6,-10,3,1,1,-3,-3,-2,1,1,3,0,15,18,15,14,16,8,14,16,18,24,21,22,25,21,25,18,21,20,17,14,15,13,11,22
Duane St & Greenwich St,-3,-8,-2,-4,2,1,2,-4,1,6,-1,2,0,-2,1,0,1,-2,5,0,-1,1,-3,0,11,20,14,13,13,7,13,18,7,14,11,8,14,18,7,19,17,3,16,12,19,17,13,12
E 51 St & Lexington Ave,2,-2,-5,2,-1,3,-5,-13,-2,-8,1,4,0,0,5,-6,-3,2,-3,-5,-10,-3,-5,-7,20,18,19,18,17,19,25,23,20,18,23,20,12,12,21,24,19,28,15,17,24,21,15,18
Banker St & Meserole Ave,1,-2,2,-3,-1,-3,-1,2,-5,1,0,1,-5,-1,-1,3,1,3,-3,0,-3,0,3,2,3,6,8,3,1,3,5,4,9,5,6,1,5,5,10,3,3,3,5,4,5,4,7,6
E 31 St & 3 Ave,4,-7,3,7,-5,5,0,-1,-1,-3,3,5,6,0,9,5,4,0,-1,-8,-6,5,7,14,24,25,21,28,17,23,28,23,30,25,19,31,18,26,27,29,24,32,23,24,22,21,28,26
Fulton St & Grand Ave,0,0,2,-2,-2,-2,1,-1,0,1,4,-2,1,0,-3,0,2,1,1,-3,-3,-2,-2,0,0,0,4,4,6,4,1,5,2,3,6,4,5,8,10,2,4,1,1,5,5,4,6,2
Cambridge Pl & Gates Ave,0,0,0,-1,3,0,2,0,1,-1,0,0,4,0,0,0,-1,1,0,-1,-2,1,0,1,2,0,2,3,5,0,2,2,3,1,0,2,4,2,2,4,5,1,2,3,4,1,0,1
Milton St & Franklin St,1,2,-2,3,-3,-3,3,0,1,1,-5,4,-1,2,1,3,2,1,2,-1,-2,1,-4,3,9,4,12,15,9,7,13,12,11,11,13,14,9,8,11,5,14,13,8,9,6,13,12,7
Scholes St & Manhattan Ave,-3,1,0,-2,0,-1,-1,-2,5,1,1,1,-1,1,4,2,1,2,1,-1,0,0,4,-2,5,3,0,2,2,1,5,4,5,5,1,1,3,1,4,2,1,2,1,1,0,4,4,2
Roebling St & N 4 St,3,-1,-1,0,1,3,-1,-1,0,1,-2,0,3,0,1,-1,1,0,-2,2,1,-2,0,-1,5,3,7,2,3,5,3,3,2,3,6,0,4,2,1,1,1,0,4,2,5,2,6,1
W 26 St & 10 Ave,-5,-2,-5,6,2,9,-7,-3,2,5,3,5,-8,-4,-7,-10,-4,9,-5,2,1,4,-5,-4,33,24,21,22,38,35,21,23,30,31,25,29,32,30,37,24,26,35,33,20,21,30,37,24
5 Ave & E 63 St,0,-1,-4,-2,-1,-7,-1,0,2,3,4,-1,0,4,2,-1,-3,-5,1,3,3,-2,2,6,10,10,19,22,15,9,10,8,21,15,14,11,13,10,17,19,12,10,10,9,7,12,14,8
11 Ave & W 59 St,-11,-8,1,1,-2,1,5,0,-1,0,0,10,6,-1,7,0,-6,3,6,6,6,2,0,-3,28,22,21,23,24,21,11,26,15,14,16,34,12,23,13,18,20,15,20,16,12,12,10,8
Lefferts Pl & Franklin Ave,4,4,0,0,0,-1,1,-1,0,2,2,5,5,-1,3,-3,0,2,0,-1,2,-1,3,0,6,4,4,6,4,1,1,3,4,8,6,5,7,3,3,3,8,6,4,5,2,5,5,4
E 59 St & Madison Ave,-9,-2,0,2,2,-5,3,7,0,0,-7,0,0,4,2,0,-3,-1,2,-5,-1,-3,0,-1,15,12,14,10,14,11,11,13,10,14,17,12,11,6,10,18,11,11,12,11,11,13,10,13
Clinton Ave & Myrtle Ave,-2,3,1,-3,0,-4,1,0,-3,2,1,-1,-6,2,-2,1,-3,4,4,-1,-6,3,-3,1,14,11,13,11,4,12,11,4,9,12,11,9,20,10,10,13,9,14,14,9,10,9,11,10
Washington Ave & Park Ave,0,5,3,-1,-5,4,0,5,0,-9,-1,-2,-3,-2,-3,3,-3,0,-11,-1,-4,0,1,1,4,7,5,5,7,6,2,7,6,9,9,6,9,2,5,5,5,6,15,5,4,10,4,5
W 84 St & Broadway,5,-10,-1,2,3,2,1,4,6,-2,-3,5,-6,2,-3,-6,0,-2,0,4,6,0,-3,5,27,21,15,20,28,16,25,26,29,28,25,22,28,20,28,24,20,24,16,26,22,30,27,28
Atlantic Ave & Furman St,-2,-1,0,2,4,2,-2,0,1,1,1,-2,-1,4,0,-4,2,-2,3,1,-3,0,4,1,6,7,0,4,6,8,6,4,3,5,5,3,1,6,8,6,6,6,11,3,4,5,7,7
W 21 St & 6 Ave,-2,7,-11,0,0,-11,8,3,3,-24,-10,-3,-7,1,-10,16,-2,2,-2,9,-6,-2,11,-26,50,61,75,52,44,59,44,59,61,58,56,71,63,50,60,71,58,64,62,53,68,64,57,68
5 Ave & E 29 St,4,9,8,4,15,3,9,4,-11,5,0,2,4,-1,2,6,3,-2,2,-11,7,5,-4,-8,22,23,36,25,23,33,31,24,25,37,30,18,28,35,45,30,21,28,27,37,41,19,20,34
E 47 St & 2 Ave,-4,0,-2,-7,-3,-14,7,6,-4,-13,3,-4,-8,-6,-1,0,-3,-6,-3,2,1,9,8,-7,30,20,20,25,25,26,25,28,24,23,21,17,26,24,19,22,19,16,29,18,21,17,27,28
E 10 St & Avenue A,12,14,7,-2,-3,7,3,-2,-2,6,11,2,11,3,6,-10,-8,-8,11,-3,3,10,12,11,22,28,25,23,25,29,19,22,24,15,21,26,25,23,20,24,24,35,33,23,35,22,22,35
W 52 St & 11 Ave,5,0,1,-3,8,1,1,-4,5,-8,2,2,-5,-3,6,0,3,4,-4,-6,5,2,6,3,29,22,13,23,20,16,19,18,30,21,24,33,27,27,28,26,25,14,26,20,25,22,17,25
W 51 St & 6 Ave,4,-3,1,1,-11,0,-12,-1,2,1,7,-3,-2,-2,11,12,9,-3,9,3,-5,-5,5,-1,37,23,19,25,29,22,28,23,26,23,31,19,26,32,24,34,31,35,39,29,25,24,29,29
W 11 St & 6 Ave,2,0,1,2,1,1,1,2,-1,0,0,-1,-1,2,2,2,-2,-1,1,-4,0,0,1,-1,2,2,5,2,1,3,3,2,1,0,4,1,1,4,2,6,2,5,3,4,6,4,3,1
6 Ave & Broome St,-5,13,-8,-9,-1,-1,0,-1,-4,4,7,3,1,6,1,6,-2,-4,5,-4,4,3,-5,-4,25,29,28,19,23,21,26,26,22,26,21,23,23,22,27,16,24,22,23,36,22,14,19,28
Broadway & W 29 St,2,-11,5,4,4,5,-4,-12,-6,-1,9,-5,-3,-10,-8,0,6,-4,9,-4,-3,2,5,-3,28,33,23,38,32,39,39,42,36,39,25,31,25,30,28,26,26,40,33,22,33,26,35,43
Fulton St & Clermont Ave,0,1,-3,3,-1,-1,0,0,0,1,-1,-1,-2,0,-2,-2,0,0,2,1,-1,4,2,-2,4,1,3,3,3,1,0,2,2,1,1,3,4,4,4,2,0,6,4,1,3,4,4,4
Bond St & Fulton St,1,0,0,2,1,0,0,0,-2,-2,0,-2,0,2,2,0,0,2,1,-1,0,0,2,1,1,0,0,2,1,0,0,0,2,2,0,2,0,2,2,2,2,2,1,1,0,3,2,3
Kent Ave & S 11 St,0,-4,2,-2,1,-2,2,2,-2,1,2,3,6,1,2,4,2,4,0,5,0,-4,3,-3,6,4,4,10,9,2,6,12,2,3,5,7,8,7,4,4,6,9,2,8,2,4,3,11
Allen St & E Houston St,3,7,0,6,-7,-7,-1,4,-5,-5,1,4,2,-5,-6,1,0,10,2,1,-3,2,6,8,27,19,14,14,15,21,23,23,25,11,29,20,14,17,19,21,24,32,38,27,30,22,22,12
W 20 St & 11 Ave,6,10,-4,13,-4,1,-7,-14,-4,-16,-3,2,-14,-13,-16,0,2,-11,3,-7,8,-6,-3,10,48,47,46,47,42,45,44,44,34,46,33,43,44,27,40,30,32,51,27,39,28,54,41,33
10 Ave & W 28 St,2,-3,7,4,-12,4,9,-4,2,-9,-3,-5,7,-5,-5,-9,8,4,-5,-2,0,4,2,5,28,17,27,30,30,28,35,14,32,31,22,27,19,37,31,33,38,26,29,30,26,22,30,21
Boerum St & Broadway,2,-5,2,0,1,0,-3,-1,0,2,2,0,0,0,-1,0,0,1,0,0,-1,0,0,4,2,5,2,2,1,2,4,3,2,2,2,2,0,2,1,0,4,1,0,0,3,0,0,6
Grand Army Plaza & Central Park S,-3,0,4,1,0,4,5,2,7,-10,0,4,0,0,-5,-12,-8,3,-5,-8,12,-3,-2,-2,25,32,28,39,30,30,37,36,27,26,32,23,32,31,42,31,30,31,23,27,23,20,30,33
Pitt St & Stanton St,1,3,-4,1,-1,0,0,-4,-1,-1,0,-3,4,2,2,-2,-2,-5,0,-3,0,0,3,3,11,5,8,9,1,6,4,4,3,7,12,7,6,6,10,6,10,9,2,9,6,2,3,11
Broadway & Whipple St,-1,3,-1,1,0,1,0,1,1,-1,0,1,1,0,-1,-4,0,1,0,-3,-1,-1,0,1,1,5,5,3,0,1,0,3,3,1,2,1,1,0,1,6,0,3,0,3,1,1,1,1
1 Ave & E 30 St,6,-3,-2,-4,4,6,-2,10,3,-3,-9,-6,10,5,-8,-2,6,-4,-6,0,6,11,3,4,28,28,34,22,40,31,22,40,27,40,26,14,32,37,34,29,26,22,28,30,42,29,27,40
Stanton St & Mangin St,-2,-6,2,3,6,-4,5,-8,3,-6,-1,1,1,-1,2,-4,0,-1,-1,-1,2,3,3,3,12,6,6,7,14,7,14,9,9,12,11,7,9,7,12,11,10,7,9,5,8,8,7,7
E 5 St & Avenue C,2,3,-2,4,5,4,4,0,1,2,-3,-2,1,0,-2,-4,0,1,0,3,-2,6,-4,0,14,7,8,12,11,10,9,8,1,12,9,14,11,14,10,12,10,7,10,9,12,16,8,10
Broadway & W 60 St,-6,-2,10,0,10,-6,1,-5,-3,2,2,1,-2,-3,3,6,-7,-5,0,2,2,1,6,-5,30,22,26,23,27,36,23,29,30,34,34,35,38,39,35,36,19,31,27,44,32,21,32,17
E 47 St & Park Ave,8,5,-2,14,-6,2,0,2,3,4,-1,8,5,0,8,-4,-2,9,-10,4,2,5,2,1,46,43,38,42,44,42,34,42,49,32,43,46,53,40,38,36,38,59,45,40,48,47,40,41
Metropolitan Ave & Meeker Ave,-1,1,2,6,-2,1,2,-2,2,-1,0,3,-2,-1,-3,1,-3,2,0,-3,0,0,-1,-1,7,3,8,8,2,1,4,6,6,1,8,3,6,5,6,1,5,2,2,3,6,2,3,1
W 37 St & 10 Ave,-2,5,-8,5,4,-1,-10,8,-7,-7,-2,1,-2,-2,3,-3,4,-5,-8,1,-4,4,-9,6,18,23,28,26,26,29,27,26,31,31,17,30,16,22,24,25,31,29,22,20,26,28,31,24
Pike St & E Broadway,-1,-3,-1,-8,-1,4,-3,5,5,-5,1,2,6,0,2,2,-1,1,2,1,-1,5,5,8,15,13,9,14,13,18,17,21,13,19,17,14,8,10,10,12,13,11,12,13,17,15,17,14
W 27 St & 7 Ave,-12,0,-4,-7,-11,-5,6,0,0,3,-10,3,-12,-6,-1,-4,-9,-8,1,-9,6,1,7,-9,45,41,36,32,39,47,36,43,41,45,59,47,52,42,43,46,61,40,43,47,44,37,37,49
Carlton Ave & Park Ave,3,2,-1,0,-1,-3,1,-1,-2,-1,-1,-2,-1,-1,0,-1,2,-2,0,-1,1,0,-1,-1,3,2,1,2,1,5,1,3,2,5,5,3,5,7,4,1,2,2,2,5,1,4,1,1
Bond St & Schermerhorn St,1,3,-3,3,1,1,-1,-1,0,-1,0,1,0,-1,-1,-1,-2,-1,1,0,-1,5,-7,-3,7,5,5,3,7,5,1,5,4,1,6,1,4,3,5,3,4,5,3,4,1,5,7,3
West St & Chambers St,-1,-2,3,8,7,-7,4,6,7,-2,14,1,-15,0,-11,5,14,7,6,5,2,-8,-6,-5,41,52,48,50,45,40,60,61,54,59,40,60,45,48,57,57,57,55,40,48,59,57,63,55
Bus Slip & State St,-5,3,-3,-2,-6,-11,0,6,-3,4,0,2,1,6,4,8,6,6,2,1,-1,-6,-7,-1,19,13,20,12,14,19,21,26,13,20,12,12,11,16,12,14,6,14,14,15,19,12,13,11
Howard St & Centre St,3,3,5,4,-2,2,-5,-4,0,-7,-1,-11,-2,-2,3,-9,6,1,-8,-3,-6,-1,-4,2,27,17,24,24,17,20,25,20,18,27,17,21,24,14,24,22,23,16,18,27,24,21,22,16
W 22 St & 10 Ave,5,-6,6,13,4,1,-8,-8,10,-7,2,1,0,-11,-4,-4,-3,4,3,0,-7,2,7,4,40,38,36,40,26,35,40,34,33,39,30,39,28,41,34,37,39,34,45,40,31,28,33,34
W 34 St & 11 Ave,-2,0,9,5,-3,-4,5,-4,1,10,-5,-3,-6,4,3,-4,-12,-5,2,7,9,-2,9,-8,8,10,25,15,23,24,13,20,19,28,33,17,22,23,19,10,26,17,15,25,17,29,23,28
W 47 St & 10 Ave,4,0,-3,3,-3,7,-1,3,0,-1,-5,1,-5,2,12,-1,-8,6,-7,7,0,0,-8,4,22,14,19,21,11,15,13,23,28,27,13,23,27,30,28,11,22,16,19,29,22,18,20,14
6 Ave & Canal St,0,2,3,-1,6,3,-2,-5,-4,1,6,4,-6,3,-4,1,-4,-2,0,9,-4,0,-9,0,11,10,16,3,16,12,18,10,10,15,22,12,16,13,14,17,16,14,12,17,18,12,31,16
W 63 St & Broadway,-3,3,-9,-7,-6,-7,-3,5,1,-1,-2,-7,0,-1,-9,3,-2,-3,3,1,-3,1,-7,2,17,31,27,17,20,16,22,18,21,19,20,19,18,15,25,11,20,15,13,15,23,25,23,22
E 58 St & 3 Ave,-2,-2,4,-3,-3,-7,-4,-1,-1,-1,-3,5,0,1,1,4,-4,4,-9,11,-5,-8,0,2,16,20,26,29,15,17,20,25,25,15,13,13,20,17,14,16,24,22,18,23,16,21,20,20
E 55 St & 2 Ave,-9,6,1,-2,-4,4,-2,0,-7,1,1,1,2,1,-4,0,7,-2,5,-1,4,-2,-12,-6,13,18,15,14,21,23,20,10,19,23,15,19,18,11,14,20,19,28,15,15,14,18,18,28
E 81 St & Park Ave,7,6,0,-1,4,-4,-5,-4,5,6,2,2,0,0,-6,0,3,3,6,5,-3,-3,6,3,11,10,14,7,10,12,5,14,15,12,8,13,12,10,10,10,11,15,10,17,11,13,18,15
Amsterdam Ave & W 73 St,-7,3,-5,0,2,-3,2,6,0,4,-8,3,5,1,-3,7,-4,-3,-2,0,3,6,-1,0,26,17,17,26,8,15,18,16,23,28,15,17,22,17,21,13,17,17,20,16,11,16,18,25
John St & William St,-4,-2,4,-2,-1,2,-2,5,10,0,-5,0,0,2,2,-7,3,1,-1,-2,2,-7,3,-5,18,20,18,10,12,18,16,11,14,12,21,18,20,19,14,19,11,13,19,14,15,19,15,14
Maiden Ln & Pearl St,-6,3,-2,1,2,1,-5,-4,1,1,3,2,3,-5,-8,1,4,-3,5,3,6,4,3,-2,8,19,16,15,10,7,15,20,9,11,9,12,17,9,10,13,18,13,11,9,14,6,11,12
Warren St & Church St,7,-2,-4,5,-2,-1,-5,6,4,0,-2,4,1,4,2,2,-3,4,-9,1,2,-2,-7,-4,13,12,12,15,12,9,15,20,14,16,14,10,11,16,16,10,25,16,19,15,14,16,13,12
Fulton St & Washington Ave,-1,-2,0,-4,1,4,-3,1,-5,5,3,3,-1,-2,1,-3,-2,-1,3,-1,2,3,0,0,5,4,2,6,5,4,9,3,7,9,11,5,5,8,9,5,4,1,7,7,6,7,6,2
Gallatin Pl & Livingston St,-3,-2,2,1,-2,1,-1,3,3,0,1,3,1,-1,-1,1,0,-1,1,0,-4,-2,0,2,3,2,4,3,4,3,3,5,3,2,5,5,3,5,3,5,4,1,3,2,6,2,4,2
E 48 St & 3 Ave,-2,-1,3,-3,1,0,7,-1,-3,-7,-4,3,1,5,-2,-2,1,1,8,4,-1,4,8,-3,10,13,19,13,23,24,13,17,12,19,18,24,21,15,20,14,21,21,20,21,19,26,29,19
Greenwich St & Warren St,-5,-5,-2,10,0,1,0,12,-8,-11,-3,-8,8,3,6,5,6,1,1,-4,12,-2,-4,-6,25,27,34,30,30,33,36,36,40,36,31,28,42,29,34,44,28,25,39,32,30,36,28,28
E 82 St & 2 Ave,-5,-2,2,-4,0,-4,0,-3,-2,-2,-1,0,-3,4,-3,-1,0,-2,1,-1,-2,2,-2,4,5,8,8,8,8,4,12,7,12,6,5,6,11,14,5,7,8,8,7,11,10,12,8,10
E 23 St & 1 Ave,-8,-3,-14,4,-2,5,-2,-3,4,3,2,-4,-4,-14,6,-3,-2,-3,0,2,11,-11,1,8,30,27,41,34,26,23,34,23,24,35,34,44,24,34,26,31,26,35,28,38,29,35,27,37
Lafayette Ave & Classon Ave,1,1,1,1,-1,0,-2,0,-1,0,0,1,3,1,2,1,-1,-2,0,-2,-1,-3,1,0,1,1,1,3,3,4,2,3,3,6,6,5,5,1,6,1,1,2,4,6,3,3,7,6
Monroe St & Bedford Ave,0,-3,3,-2,-2,1,6,2,1,-2,-1,0,0,-1,1,3,5,0,3,1,1,-2,-2,1,2,3,3,2,6,1,6,6,3,6,7,2,2,3,3,3,5,4,3,3,5,6,4,3
W 82 St & Central Park West,-8,2,-2,-1,-2,-3,-1,-5,4,-1,5,4,4,2,2,3,0,3,-1,-1,0,8,6,1,13,6,10,5,4,9,3,15,8,5,7,8,10,10,4,5,6,7,13,9,8,19,8,17
S 4 St & Wythe Ave,-3,2,-3,0,-1,3,-2,-1,-1,-1,-5,3,1,0,2,0,3,-3,-3,-3,4,1,-1,0,9,6,7,6,1,5,11,7,5,5,5,9,7,10,2,6,7,6,7,7,8,7,9,10
Front St & Maiden Ln,-2,2,-1,-3,1,-5,-6,-1,-3,-9,-1,-2,-5,1,5,2,6,2,1,1,1,-3,1,-4,10,12,9,13,16,13,14,15,15,21,17,14,17,15,19,18,16,12,12,13,5,15,11,14
DeKalb Ave & Vanderbilt Ave,3,3,-2,0,5,0,-2,-1,1,-1,2,-1,-2,-3,-1,0,2,2,0,3,6,1,-5,-2,5,7,2,2,7,6,2,3,1,5,2,4,6,3,9,8,4,4,2,5,10,5,9,6
Broadway & Battery Pl,2,13,-5,-2,-14,-2,-7,-6,-2,-1,-10,3,-4,-1,-4,5,8,0,9,-2,0,0,-8,4,14,23,19,22,18,23,13,18,20,30,26,27,20,17,28,17,18,24,24,28,18,22,25,18
Broadway & W 39 St,1,-10,-5,9,1,6,3,4,-8,-12,3,5,-4,-2,-8,11,-8,1,-2,-4,6,-4,-6,-2,29,22,25,23,27,28,33,26,24,26,17,36,24,18,26,27,24,35,18,14,22,14,26,20
South St & Whitehall St,-2,-1,6,-1,0,6,-12,1,-1,0,-1,1,-4,2,4,2,-3,-2,-9,2,-7,4,4,-4,18,11,10,17,18,20,24,13,11,18,11,13,20,10,12,17,25,15,14,14,19,12,6,18
Laight St & Hudson St,-2,1,1,-1,1,0,-1,1,-2,3,-2,-2,-4,8,0,4,5,2,-2,-4,0,1,2,0,8,5,9,7,7,8,7,9,6,7,6,11,12,8,6,10,15,6,6,6,6,7,14,6
E 56 St & Madison Ave,1,-4,-3,-1,-1,6,-2,-4,-4,-3,-8,-6,2,0,-1,-6,8,3,-4,-9,-2,-9,-9,2,17,12,23,13,13,12,14,22,14,17,16,14,18,12,19,26,14,19,22,23,18,19,25,22
W 43 St & 6 Ave,4,12,0,-3,0,2,2,6,5,2,-3,9,-8,-7,8,0,4,0,-4,-8,4,-2,6,-4,20,18,24,17,30,26,16,28,17,30,27,29,22,27,20,23,32,22,31,34,22,22,34,34
Cumberland St & Lafayette Ave,-2,4,-3,0,0,4,2,0,1,-2,-3,2,-3,-1,-3,-1,3,0,-2,1,-2,-2,1,1,2,6,7,6,4,6,4,6,3,4,3,5,7,3,3,5,5,4,6,2,2,4,5,3
E 39 St & 3 Ave,-3,-3,8,-3,0,1,-10,3,0,-2,-1,0,6,-7,-8,4,5,-1,6,11,-4,4,-2,-1,29,31,38,25,26,31,32,33,24,36,27,30,33,29,30,22,27,29,26,37,28,28,25,29
11 Ave & W 27 St,9,4,-8,-1,3,-14,2,4,0,0,-9,-1,-4,3,-3,-2,3,-11,8,-5,1,9,-3,5,25,28,30,33,29,31,34,40,20,26,35,31,30,27,27,44,47,28,30,31,27,36,35,37
12 Ave & W 40 St,1,-20,9,-6,5,8,9,5,-1,-13,2,5,2,12,0,10,-1,6,7,10,0,3,7,5,49,39,35,40,38,33,32,35,49,49,51,33,33,46,40,34,27,30,37,30,36,39,33,31
E 81 St & 3 Ave,1,-3,-4,0,-3,-2,-6,1,-2,-3,-1,1,0,2,-1,-2,5,0,1,1,7,1,2,1,9,9,6,4,9,10,8,15,8,11,7,9,12,14,9,8,9,6,11,9,13,7,10,13
W 54 St & 9 Ave,-4,-5,-2,-2,-4,4,2,0,-6,-2,4,0,-1,1,-6,6,-5,-3,4,0,4,5,-8,2,14,16,14,10,14,26,14,18,14,22,24,26,20,15,16,14,15,27,18,16,16,13,31,22
W 25 St & 6 Ave,-13,2,4,1,5,3,-9,4,6,1,-1,-5,-10,1,-9,1,-1,-10,7,-3,-2,-6,-2,3,33,36,46,35,39,31,35,36,36,43,29,35,34,33,39,37,31,38,35,23,36,28,40,43
E 60 St & York Ave,-1,2,0,-3,-5,0,-5,-4,2,0,0,1,-8,-6,-1,-6,1,3,-2,-3,-1,-1,-2,0,11,10,2,10,9,8,10,6,10,10,6,7,10,8,11,8,9,11,6,10,9,3,6,8
E 37 St & Lexington Ave,2,0,3,-3,0,1,-3,-1,7,2,4,5,-7,-2,-2,-4,0,-7,-7,-2,-5,-2,-6,-6,10,14,13,11,10,13,15,13,23,14,16,19,13,18,12,14,12,15,19,6,17,10,12,10
Henry St & Grand St,-4,2,4,6,0,-5,3,-1,3,0,2,-2,1,1,4,-1,5,-5,-2,0,-1,-1,-2,0,14,12,10,14,22,9,11,11,11,16,10,16,15,19,14,11,13,7,16,10,15,15,24,10
Pearl St & Hanover Square,7,4,-2,8,7,2,1,-4,4,-5,5,-2,-5,0,0,0,8,-1,8,3,-3,14,1,3,21,18,20,24,25,12,23,16,14,21,21,18,23,18,22,18,24,23,24,21,15,24,23,37
Pershing Square South,-5,-6,8,9,12,10,3,12,8,13,-10,4,2,-1,-12,-5,-8,-17,0,-12,-8,7,-4,-2,52,50,66,47,48,57,50,40,50,58,58,52,52,53,51,45,60,49,42,40,56,49,48,52
Front St & Gold St,-2,1,-1,2,4,3,2,3,2,0,-1,1,3,1,-2,2,3,1,2,2,0,1,3,-2,8,9,1,6,8,5,4,5,2,4,3,3,3,9,4,2,3,3,4,4,6,5,7,4
Norman Ave & Leonard St,1,1,0,3,-1,-7,2,-1,-2,-1,0,-3,0,4,-1,-1,2,2,-1,2,-2,2,1,-3,1,1,4,3,3,11,2,1,2,1,4,3,0,4,9,5,6,4,7,4,6,2,7,3
Berry St & N 8 St,1,4,-6,4,-1,3,2,1,3,-1,-1,1,-1,-2,-1,-3,2,-1,-1,-4,1,1,0,2,7,10,8,8,13,7,8,9,11,5,11,5,7,12,9,9,14,9,7,10,11,3,10,12
E 84 St & 1 Ave,4,-1,2,-3,-2,-1,-1,-4,-5,-4,5,-1,1,2,-3,-3,1,-9,1,-7,1,3,-3,-6,10,9,6,9,12,11,7,8,13,10,9,9,11,8,9,11,9,13,15,13,13,5,13,12
Reade St & Broadway,-2,5,-4,-3,4,-5,7,1,-4,2,5,4,2,2,-4,0,-1,3,-3,1,-2,3,7,8,20,15,18,15,16,17,19,19,16,20,21,15,26,22,14,18,13,17,13,13,16,23,11,17
Barrow St & Hudson St,-4,5,-2,2,-12,10,-3,6,-7,9,5,-5,7,-4,-3,7,1,5,15,11,6,6,-2,5,28,39,34,34,44,52,41,32,55,33,37,47,37,46,31,43,43,58,53,39,45,51,50,61
E 11 St & Broadway,-1,3,0,0,-1,-2,-1,2,2,-5,-1,-1,0,-1,-1,-2,1,1,0,3,3,-2,0,4,3,3,4,0,3,6,5,4,4,5,7,1,2,3,5,4,5,1,6,3,5,4,2,4
E 52 St & 2 Ave,8,3,4,4,-2,-6,-3,-6,2,2,-9,-5,-4,2,-2,-2,-7,3,2,-1,5,5,5,-3,18,11,16,22,20,20,17,22,18,14,25,19,22,13,16,16,13,25,10,19,17,15,17,9
Washington Pl & 6 Ave,7,-3,1,0,-6,1,1,6,6,-4,8,-1,4,2,-2,2,1,0,-1,5,7,-6,3,-3,17,8,19,14,18,19,17,18,22,12,19,15,18,10,10,14,23,18,17,33,23,16,23,17
Johnson St & Gold St,4,3,2,0,1,0,-1,0,4,-2,3,0,-1,5,3,-1,0,1,0,-4,1,1,2,-3,8,7,4,6,1,2,5,2,6,6,5,10,11,5,5,3,4,8,2,4,3,5,4,11
Liberty St & Broadway,-1,-1,6,-3,3,-9,6,-2,-11,-1,-3,-4,7,0,-4,-6,1,2,-8,-2,4,1,-7,4,17,13,20,23,11,23,18,28,20,9,14,18,16,10,22,24,17,16,26,19,18,20,17,18
Pike St & Monroe St,1,1,3,-1,-3,-1,0,1,1,1,1,2,-1,-3,-2,-1,3,-1,0,0,0,2,-4,2,11,3,7,5,11,7,4,3,5,5,5,4,5,7,4,11,9,5,9,2,3,4,8,10
South St & Gouverneur Ln,6,-3,1,3,7,2,3,3,0,1,9,-3,4,6,-4,1,0,-7,-4,5,0,4,2,7,23,15,15,23,15,16,15,15,16,11,13,11,10,10,16,26,28,17,10,27,22,16,18,19
Grand St & Havemeyer St,0,1,-3,-2,-2,-7,2,-1,5,1,1,0,0,1,-5,-1,-3,1,-1,1,4,-2,0,-1,4,9,14,4,10,9,16,3,5,5,1,4,5,1,7,7,7,5,7,7,12,5,7,13
Riverside Dr & W 82 St,3,3,-1,-2,-1,1,-3,-3,0,-6,1,-5,-6,0,-3,2,4,-1,-2,1,0,-2,2,7,11,15,10,12,19,7,9,13,17,14,9,13,15,12,11,8,12,21,10,16,15,16,18,19
St James Pl & Pearl St,0,-4,-3,2,-2,2,3,0,0,-3,1,-1,4,-1,0,-3,0,1,3,-2,1,-1,2,-1,10,11,9,6,4,4,5,6,6,7,7,5,6,5,8,5,6,1,3,6,6,9,8,5
Hanson Pl & St Felix St,5,-1,-4,-10,-2,-2,0,-5,0,2,-2,7,2,7,4,1,5,0,1,1,6,0,6,1,9,13,8,16,16,14,10,11,10,10,14,9,14,11,14,9,15,12,7,9,18,6,10,7
Carlton Ave & Flushing Ave,-1,2,-2,-1,-1,-5,-1,1,1,1,2,-2,2,1,-1,-5,0,-2,-2,-2,-2,0,1,3,3,10,6,7,5,7,1,9,1,5,10,6,8,5,5,5,4,6,4,6,4,6,5,7
E 85 St & 3 Ave,-2,1,0,-4,1,2,2,-5,-2,0,3,6,-2,3,-5,-1,-15,1,-1,5,5,1,7,2,10,11,14,10,15,20,20,17,18,18,13,16,16,9,19,13,23,15,15,19,15,13,23,12
S Portland Ave & Hanson Pl,1,1,-1,-3,0,-4,-2,-3,0,-1,-1,1,4,1,0,-3,0,0,0,-2,2,0,1,2,1,3,3,3,4,6,2,5,0,3,3,3,4,3,4,7,2,4,4,4,8,4,3,4
Harrison St & Hudson St,6,4,0,3,-5,6,1,-3,-4,-5,1,5,-1,5,1,3,-2,2,2,3,0,-3,1,2,16,14,8,15,13,14,13,13,12,15,17,9,17,9,12,15,10,16,12,9,6,11,13,8
Water - Whitehall Plaza,-1,-4,1,0,2,-1,2,-3,-1,6,-2,0,3,-1,0,0,-1,-6,-3,10,1,9,-3,-2,9,12,7,16,10,17,14,15,13,12,8,6,17,5,8,6,11,8,11,16,11,15,13,7
Willoughby St & Fleet St,-3,-3,1,0,0,-4,-2,3,9,-1,-2,-1,-5,-1,0,-2,0,0,2,0,0,0,-3,-2,7,5,3,10,8,8,6,11,15,7,10,5,11,13,4,4,2,4,8,4,7,4,5,4
Cherry St,-1,1,-3,0,-2,2,-5,-1,2,7,-4,-2,5,-1,-2,1,-4,0,-2,-4,-2,3,2,2,7,3,5,4,8,7,9,3,4,10,6,2,9,5,2,7,14,10,8,10,4,5,4,4
Bank St & Washington St,0,0,-2,3,-4,1,3,-3,-4,-3,-4,0,4,5,-1,-5,1,-1,0,1,-5,11,0,-4,12,14,10,15,16,14,17,17,12,13,14,12,26,21,17,17,15,21,20,17,11,23,22,23
Clinton Ave & Flushing Ave,2,2,-1,-3,0,-1,0,-6,0,-2,0,-2,0,0,-1,-2,1,0,3,6,-1,-1,1,3,8,2,3,5,2,3,4,6,8,2,6,2,2,2,1,4,3,8,5,10,3,1,5,3
5 Ave & E 73 St,8,1,1,-7,-8,-7,1,-2,4,-3,3,0,-4,0,1,-1,-2,4,-1,-1,-1,0,3,3,20,23,21,23,21,20,13,25,17,13,20,19,19,27,15,22,16,20,28,23,23,22,20,26
Leonard St & Grand St,1,-2,-1,3,2,-4,0,0,-2,2,1,-3,0,-1,-2,0,0,2,0,1,-1,-2,1,0,3,4,5,3,2,4,0,2,4,6,5,3,2,3,4,0,6,4,2,3,3,2,1,2
Hope St & Union Ave,3,1,-2,1,-1,-1,-1,-1,2,-1,3,2,-2,3,1,0,-1,-3,0,-1,1,1,1,5,5,4,4,5,3,1,3,5,2,3,5,4,4,7,5,2,3,3,3,3,3,1,5,7
Fulton St & Utica Ave,0,1,0,-1,-2,0,3,0,-4,-1,-1,1,1,2,3,5,0,-1,0,-1,-2,2,2,0,2,3,2,3,2,0,3,0,4,4,2,4,1,2,3,5,2,1,2,1,3,2,2,6
Old Slip & Front St,6,-1,-4,12,-4,-1,-3,8,2,-5,-7,-2,3,5,-4,6,-4,-1,4,3,0,0,-2,-3,20,17,12,16,23,19,13,18,15,15,21,12,23,9,20,12,17,22,14,15,21,12,14,11
Broad St & Bridge St,3,1,3,-1,5,0,-1,0,0,2,8,-1,-1,5,0,1,4,8,6,6,5,4,13,6,11,11,12,5,7,16,9,10,18,12,18,15,9,15,12,15,14,12,14,8,19,12,15,14
Washington Park,2,-2,1,1,-1,-3,0,1,0,-1,-1,-3,-2,1,-1,-3,0,2,-5,-2,1,-2,1,2,10,4,3,3,3,3,2,1,4,3,3,5,6,3,9,5,4,2,9,2,5,4,7,6
Metropolitan Ave & Bedford Ave,-2,1,3,-2,2,0,-1,1,-1,2,1,-5,0,-5,4,-3,-6,8,4,8,-5,3,-3,0,10,9,5,8,10,11,7,5,11,6,9,7,2,13,8,11,10,14,4,14,9,17,7,10
State St & Smith St,1,5,0,-2,-4,-2,-3,1,-5,-7,0,-1,5,-4,-2,5,2,4,-4,-1,2,4,0,-4,15,8,10,8,12,9,9,11,15,15,6,5,11,8,12,11,6,6,18,5,14,8,10,12
3 Ave & E 62 St,0,1,-1,-6,-6,-7,1,5,0,1,-4,0,4,-8,-5,-12,0,3,-14,-1,-4,2,1,10,10,10,13,12,16,15,15,15,18,12,20,18,20,20,21,19,12,17,20,23,14,14,17,22
Broadway & W 37 St,-4,-5,11,1,-5,-2,4,-3,-1,2,2,-9,4,1,-2,-11,-7,-1,0,-4,5,8,-10,0,16,21,19,19,17,26,22,23,25,21,14,15,22,22,21,19,19,7,18,18,15,16,18,20
Clermont Ave & Park Ave,1,2,-1,-2,0,0,1,-2,-2,1,1,4,1,-5,0,0,2,1,0,-1,-1,2,1,-2,3,2,1,2,0,0,5,2,2,5,1,4,3,9,2,2,2,1,0,4,1,2,1,4
Penn Station Valet,-11,-4,-5,-6,-9,-12,-3,-5,-6,-23,-10,-17,-16,-19,-12,-7,-10,-8,-30,-9,-6,-14,-9,-3,37,40,49,46,39,36,39,51,50,58,46,55,42,47,50,41,43,37,50,47,36,48,33,45
Franklin St & Dupont St,-1,-2,-2,2,0,-1,2,0,-1,-3,2,-2,1,-1,1,-1,2,-2,2,-1,-4,0,2,-1,5,2,2,2,4,1,4,2,1,3,8,2,3,3,5,1,6,6,2,1,4,2,4,3
Myrtle Ave & Marcy Ave,0,-1,1,1,-2,-1,-2,-2,-1,-2,0,0,0,-2,-2,-1,0,1,0,1,-3,-1,-1,0,2,1,1,1,2,1,2,2,1,2,0,4,4,4,4,3,0,1,2,3,3,1,3,0
Henry St & Atlantic Ave,0,1,-4,4,-1,-6,0,-2,2,3,-3,2,5,1,1,3,-2,-2,3,2,3,0,1,1,2,6,6,10,5,8,6,8,8,5,11,12,11,9,5,9,10,6,5,6,7,6,7,7
Broadway & Berry St,1,3,-2,-3,-1,-1,-3,3,4,0,-2,-2,0,-1,5,2,1,-2,0,-2,4,0,3,-3,9,3,12,7,9,3,11,5,6,6,2,10,6,9,7,6,5,6,4,10,8,8,11,7
Columbia Heights & Cranberry St,-4,-2,-2,-1,-1,0,1,0,1,-5,-2,-1,1,-4,-3,0,-1,0,1,-1,-1,-2,-1,0,7,6,4,3,5,8,3,0,3,5,4,5,3,10,3,2,3,0,1,3,3,4,5,4
E 33 St & 5 Ave,8,-5,-4,-6,-12,-4,-3,-9,-11,-5,4,-3,5,-7,13,-1,-7,3,-2,0,16,7,8,0,40,25,30,30,28,34,23,33,39,23,34,29,29,29,36,39,19,30,42,32,40,35,28,28
Spruce St & Nassau St,-7,-1,3,4,4,4,1,-2,-2,0,3,0,-5,-9,-10,-6,-6,4,-1,-2,-7,1,3,-1,19,13,9,10,10,18,15,14,16,14,15,24,15,17,16,20,20,26,17,8,13,19,15,18
DeKalb Ave & S Portland Ave,-5,0,1,0,1,-2,0,-1,0,-3,3,-4,0,1,1,-4,0,0,-1,-1,-2,-5,-6,0,5,1,3,8,5,2,2,3,6,7,5,4,4,3,1,8,2,2,3,1,2,5,6,6
Leonard St & Boerum St,2,1,-1,-1,1,-2,1,1,0,0,0,0,1,-2,-3,1,3,-1,-2,-1,-1,0,2,0,2,3,1,3,1,2,1,1,0,0,0,0,1,2,3,2,3,1,2,1,1,0,2,2
Avenue D & E 12 St,3,-3,0,-3,4,2,0,4,-1,-1,-1,0,-1,-2,2,-4,-1,-3,2,-2,2,0,-1,-5,3,3,4,5,8,4,0,4,5,3,5,2,3,6,4,6,3,3,6,11,4,4,7,7
Kent Ave & N 7 St,-1,2,7,0,4,8,-4,1,2,6,1,6,-6,-1,-5,3,-2,4,2,-2,1,1,2,-2,7,10,19,10,12,23,15,15,10,23,11,10,12,12,15,9,8,12,9,12,18,23,14,8
Avenue D & E 8 St,1,0,1,-2,1,1,-1,4,4,-2,1,0,-1,-5,-3,1,2,2,3,1,3,-1,-1,1,5,6,3,8,3,3,7,8,4,6,7,8,3,5,5,5,4,8,4,6,11,5,1,3
Leonard St & Bayard St,2,0,-1,1,-2,0,0,0,-1,-4,-3,0,0,2,1,0,-3,-3,2,-2,2,0,-1,-1,4,2,2,1,3,0,2,4,5,4,5,2,2,2,1,2,3,7,2,2,4,2,5,3
Lafayette Ave & Fort Greene Pl,0,0,1,0,-2,-3,-2,1,1,0,1,2,0,3,-1,0,1,3,-1,0,0,4,-1,0,6,2,5,4,4,3,4,7,9,0,5,2,6,5,3,6,3,3,1,4,3,10,3,4
Railroad Ave & Kay Ave,0,0,1,0,0,0,0,1,0,1,0,1,0,0,0,0,0,-1,0,1,1,0,0,0,0,2,1,0,0,0,0,1,0,1,0,1,0,0,0,0,0,1,0,1,1,0,0,0
Park Ave & St Edwards St,0,1,1,1,0,3,-2,0,0,0,0,0,-1,0,-2,0,0,-1,-1,0,0,0,-1,2,0,1,1,1,0,3,2,0,0,2,0,0,1,0,2,0,0,1,1,0,0,0,1,2
Union Ave & Wallabout St,1,1,1,0,1,0,1,0,0,0,1,0,3,1,1,1,1,0,3,0,-2,0,0,-1,1,5,3,2,1,2,3,0,0,0,3,0,7,1,1,1,1,0,3,0,2,2,2,1
Lewis Ave & Madison St,-1,1,0,-1,0,1,-3,-1,2,-1,3,0,-1,0,1,1,0,1,0,-1,2,-5,-1,2,1,8,0,3,4,3,5,3,4,5,5,4,1,0,1,1,2,5,2,1,4,5,3,4
Lexington Ave & Classon Ave,0,-1,1,0,1,0,1,-1,-1,-2,0,0,-1,1,1,-1,1,-2,-1,-1,-1,2,-1,-2,2,3,1,0,7,2,1,3,3,6,2,0,3,3,1,7,5,2,3,1,5,4,1,2
DeKalb Ave & Skillman St,1,1,1,1,2,4,2,-1,1,0,1,2,2,-3,1,1,-3,0,3,-2,0,-1,0,-3,3,3,2,3,5,4,2,5,1,6,3,2,4,3,2,6,7,2,4,2,4,3,4,5
Emerson Pl & Myrtle Ave,-1,-1,-4,-1,0,0,-1,-4,0,1,2,-3,0,0,1,-1,-2,4,1,-2,1,1,-5,-3,6,3,4,7,4,6,11,10,4,7,6,7,4,4,3,3,2,6,1,4,5,1,5,7
Cadman Plaza W & Pierrepont St,4,1,-3,0,2,-4,-3,-3,1,3,-2,2,0,-1,-5,1,-1,-1,0,1,3,-1,0,0,4,3,3,4,6,4,3,5,5,3,4,4,6,7,9,3,1,3,0,5,3,3,2,4
Pearl St & Anchorage Pl,4,0,-1,3,-2,1,-3,-4,-2,0,-2,0,4,1,1,-3,-1,-2,2,5,-2,10,2,-1,6,4,3,11,6,9,9,10,8,6,2,6,13,7,3,11,3,10,6,9,4,10,8,10
Clermont Ave & Lafayette Ave,-1,-2,0,0,4,-1,-4,2,-4,2,-2,-1,-3,0,3,1,2,-1,-3,3,-3,-2,0,3,5,4,0,5,4,3,8,2,6,6,6,3,3,8,3,7,2,1,3,4,3,6,2,5
Duffield St & Willoughby St,-1,-4,-2,1,0,-3,-1,0,-3,0,0,4,0,0,-1,1,-1,1,5,0,0,-1,-1,-4,5,6,2,1,6,9,3,4,5,6,7,8,4,5,5,5,11,3,7,6,6,6,11,8
46 Ave & 5 St,2,-1,0,2,5,5,1,-2,-2,-1,-3,2,-1,-2,-4,-3,1,-4,0,-4,3,2,0,-3,6,1,6,6,11,11,5,4,12,5,7,4,5,4,6,6,7,11,5,6,5,6,4,7
45 Rd & 11 St,0,-1,-1,-2,-1,1,-1,-4,-3,1,-1,-1,3,1,0,4,0,0,-3,1,-1,-3,1,3,2,1,1,6,3,3,3,6,7,2,5,5,3,1,4,4,2,4,3,1,5,5,1,3
Grand St & Greene St,1,7,10,-2,4,-3,9,-2,-2,-1,4,5,0,2,1,2,11,4,5,-5,-1,-12,6,4,17,21,18,20,10,23,17,25,16,17,18,20,28,24,32,20,19,24,19,23,19,28,18,26
Fulton St & Rockwell Pl,2,-1,1,2,-5,1,-1,-1,2,0,0,1,2,3,6,2,-2,5,5,-1,5,0,3,-3,6,5,7,4,7,3,7,8,2,2,10,7,4,7,8,6,6,9,7,7,8,8,3,5
Union Ave & Jackson St,0,-2,2,-2,4,0,-1,2,-2,4,-5,2,2,-1,-4,4,1,0,0,0,-1,-1,-3,-2,2,2,2,4,4,2,5,2,4,6,7,4,2,5,6,4,1,2,0,3,1,5,3,6
Monroe St & Classon Ave,0,2,0,0,-1,0,0,0,0,-2,-1,-2,-1,0,0,-2,1,-1,0,-2,2,1,-1,0,0,2,0,0,1,0,0,2,2,2,3,2,1,2,0,2,1,1,1,4,2,1,1,2
Market St & Cherry St,-4,-3,-4,2,-1,0,-3,-1,2,7,3,-4,1,0,0,-2,-1,1,3,-1,-5,1,6,4,12,9,12,8,5,12,11,5,8,9,5,6,3,7,8,12,9,3,5,5,7,11,9,6
India St & East River,0,0,-1,-3,-3,4,-1,1,2,2,-4,2,-2,-4,0,-1,-2,1,-1,-1,0,1,1,1,3,2,1,3,3,6,3,1,2,2,4,2,2,8,4,1,2,3,3,1,0,1,3,1
Albany Ave & Fulton St,2,0,0,-1,1,1,1,1,0,0,0,0,0,0,0,-1,0,0,0,-1,0,0,0,-1,2,0,0,1,1,3,1,1,0,0,0,0,0,0,0,1,4,0,0,1,0,0,1,1
Bushwick Ave & Powers St,0,0,-1,-2,-1,5,-1,0,0,-1,2,-2,0,2,0,-2,1,3,2,-4,0,-1,-1,-2,2,6,3,6,3,7,3,2,0,3,4,2,2,2,2,4,3,5,8,6,2,1,5,2
Clinton St & Tillary St,3,4,-6,-1,0,-3,-1,1,-1,1,2,-7,-4,5,2,1,-5,2,0,9,0,-2,-4,2,5,6,12,5,6,7,3,7,2,7,12,7,6,9,8,4,9,6,6,9,2,6,6,12
Greene Ave & Throop Ave,0,1,-2,-1,1,1,1,-1,-1,1,-2,1,-1,1,-2,0,-2,0,2,0,0,1,-2,1,0,1,4,3,1,3,3,3,1,1,6,1,1,1,2,0,4,0,2,0,2,1,2,3
Macon St & Nostrand Ave,0,-2,0,0,-1,-1,-3,2,0,-1,-1,-2,0,0,-3,0,2,0,-5,2,3,3,1,-2,2,2,4,2,3,7,3,10,4,5,11,4,4,2,9,6,6,6,5,4,9,4,5,3
Myrtle Ave & St Edwards St,-2,1,0,-2,-3,5,1,-1,-1,1,4,-4,-1,-1,2,-1,-3,-1,-6,0,-1,-1,-3,4,4,3,0,4,3,7,1,1,5,3,4,4,1,1,4,3,5,1,6,4,5,1,5,4
Sands St & Navy St,1,0,1,0,-1,0,0,1,0,2,0,0,1,0,0,0,1,-1,0,2,0,2,3,-1,1,0,1,0,1,0,0,1,2,2,2,0,3,0,2,0,1,1,0,2,2,2,3,1
Old Fulton St,-7,1,2,2,-2,-4,-6,-6,5,-1,-5,-5,0,-4,2,4,-2,3,-1,5,9,3,5,8,14,8,4,4,4,8,10,13,9,9,13,10,14,8,12,12,6,9,7,14,16,15,11,12
Bedford Ave & Nassau Ave,-4,0,0,2,-8,0,-3,2,-2,1,5,0,4,3,2,-5,1,2,0,0,2,1,1,0,10,8,6,16,8,10,13,12,10,5,7,10,10,9,2,9,10,14,2,6,6,7,5,4
31 St & Thomson Ave,0,3,-2,0,0,0,0,0,1,0,0,-1,-1,2,-1,1,0,-1,1,-1,1,1,-2,-1,0,3,2,0,2,0,2,0,1,0,2,1,1,2,1,1,2,1,1,5,1,1,2,3
Frost St & Meeker St,-2,2,2,2,-1,0,0,-2,2,-1,-2,2,-1,0,1,0,-1,0,0,-1,0,0,-3,2,2,2,2,2,1,4,2,2,2,1,2,2,1,2,1,0,1,4,0,3,2,0,3,2
Willoughby Ave & Hall St,2,-2,1,1,2,1,0,-4,3,-3,-1,1,2,0,-1,0,-4,-4,-1,0,-3,0,-2,1,4,4,5,3,4,3,8,6,9,5,3,1,16,2,3,8,4,8,6,2,7,4,4,10
Cadman Plaza E & Tillary St,-2,0,0,1,-3,-4,-3,0,-6,-2,4,-3,3,0,-4,2,-1,5,0,2,0,1,1,1,4,2,2,9,5,4,3,4,6,6,4,6,9,6,6,2,4,11,2,6,2,1,1,10
Lorimer St & Broadway,-1,3,0,0,0,3,0,2,-1,0,-1,1,1,0,2,0,0,1,0,0,0,3,-1,-1,1,3,0,0,2,3,0,2,1,2,1,1,1,0,4,0,4,1,0,4,0,5,1,3
Graham Ave & Herbert St,1,-1,-1,0,0,1,1,0,0,-1,0,0,1,1,-2,0,2,0,0,0,-1,0,-1,1,3,3,1,2,0,1,1,2,0,1,2,0,1,3,2,2,4,0,2,2,3,2,1,1
Halsey St & Tompkins Ave,0,-3,1,-2,-4,-1,0,-3,1,-3,-1,-1,0,-1,1,-2,-1,1,0,-1,4,0,-2,0,0,3,1,2,4,1,0,5,3,5,3,1,2,5,2,2,1,1,2,1,6,0,2,0
3 Ave & Schermerhorn St,-1,2,0,-3,-3,2,-1,1,1,-4,0,1,1,0,2,0,-2,-2,0,0,1,1,1,2,5,2,3,7,5,2,1,5,3,6,6,3,3,0,2,2,2,4,2,4,3,3,1,2
Humboldt St & Varet St,0,0,-1,0,-1,0,0,-2,-1,-2,0,-2,3,1,-3,-1,0,1,-2,2,2,0,1,3,2,0,1,4,1,6,0,2,3,2,4,2,3,3,3,1,4,1,2,2,4,6,3,5
Graham Ave & Withers St,2,0,1,-3,0,1,2,-1,2,0,-1,-1,-1,1,1,-1,0,2,-2,-2,1,-1,0,1,2,2,1,3,0,3,2,3,2,2,1,1,3,3,1,1,2,2,6,4,1,3,4,3
Franklin Ave & Myrtle Ave,1,2,6,1,1,0,1,2,-1,3,-3,0,-2,3,2,1,-2,1,-3,-2,0,-2,0,0,1,4,6,3,1,0,3,4,3,5,3,4,4,3,6,1,2,3,3,2,2,2,0,2
Park Ave & Marcus Garvey Blvd,0,0,0,2,-2,0,0,0,1,0,0,1,-2,0,1,0,1,0,0,-1,0,0,-1,0,0,0,0,2,4,0,0,2,3,0,2,1,2,2,1,0,3,0,0,1,2,0,3,2
Putnam Ave & Nostrand Ave,0,0,-1,-1,-1,-1,-4,-3,-1,1,0,0,0,0,4,-1,-2,-1,-1,1,1,-2,0,0,0,0,1,3,1,3,4,3,1,3,0,0,2,0,6,1,2,1,1,3,3,2,2,0
Brooklyn Bridge Park - Pier 2,2,1,-1,2,0,1,1,1,0,-1,0,0,-1,3,-2,-1,1,-1,-1,0,0,-4,1,-3,2,1,3,2,2,7,2,1,0,1,0,1,2,6,2,2,1,4,3,0,0,4,5,3
Nassau St & Navy St,1,2,1,5,3,-1,1,2,3,1,0,3,2,2,2,2,-1,-1,-2,2,-2,-3,-1,2,1,4,1,5,3,3,1,6,3,1,4,3,2,4,9,8,5,1,4,2,6,9,5,6
Hancock St & Bedford Ave,1,-1,1,-1,-1,1,1,0,-2,-1,0,0,0,-2,-3,0,-2,-4,4,-1,-1,0,2,-1,1,1,3,3,5,1,3,2,2,3,2,0,0,2,3,0,2,4,4,1,1,2,2,1
Lewis Ave & Decatur St,-1,-1,0,2,1,0,0,1,1,-1,0,0,-1,0,2,0,0,0,0,1,0,0,0,1,1,1,0,2,1,0,0,1,1,1,0,0,1,0,4,0,0,0,0,1,0,0,0,1
Greene Ave & Nostrand Ave,0,1,-2,0,0,-1,-1,0,1,0,1,1,0,1,0,-2,0,2,2,-1,0,-1,1,0,2,2,4,0,0,1,1,4,1,2,1,1,2,1,0,2,2,2,2,1,2,1,1,2
Jay St & Tech Pl,4,-3,-5,-10,0,6,2,8,0,-2,-3,-2,-2,4,1,3,8,4,-1,2,5,0,-1,3,12,19,9,12,12,12,8,13,8,8,13,16,16,12,14,14,16,8,11,12,26,11,7,9
Marcus Garvey Blvd & Macon St,1,1,0,-1,1,0,0,0,2,0,0,2,0,0,-2,0,-1,0,-1,0,0,0,1,-1,1,1,0,3,1,0,0,0,2,2,0,2,2,0,2,0,1,0,1,2,0,2,1,3
McGuinness Blvd & Eagle St,-5,-3,4,4,8,2,-1,-1,0,-1,-2,-2,0,-1,-3,3,3,2,-1,2,1,0,0,0,7,3,4,4,10,2,1,1,2,1,6,2,4,3,5,5,13,6,3,4,4,4,8,4
Kingston Ave & Herkimer St,1,0,0,2,0,1,0,1,2,0,0,-2,0,-2,1,0,2,0,2,0,-3,1,0,1,1,0,0,2,0,1,0,1,2,0,2,2,0,2,1,0,2,0,2,0,3,2,0,3
Kosciuszko St & Tompkins Ave,1,-1,-1,1,1,0,-1,1,0,2,-1,-1,2,-1,-1,0,-2,0,0,1,0,0,0,-1,1,3,1,5,1,4,3,1,0,2,1,3,4,3,1,0,2,0,0,1,4,4,4,1
Division Ave & Hooper St,0,0,-3,0,2,-2,0,0,0,0,-2,1,1,-1,1,-1,-3,2,0,2,1,0,-2,1,0,0,3,0,2,2,2,0,0,2,2,1,1,1,3,1,3,2,2,2,1,2,2,1
Lewis Ave & Kosciuszko St,1,1,0,-2,-1,-1,0,-1,0,-1,0,0,1,-1,-2,1,1,1,-1,0,0,0,0,0,2,1,2,4,1,1,0,1,0,1,0,2,1,1,2,2,1,1,3,0,2,0,2,0
NYCBS Depot - SSP,0,0,0,0,0,0,0,0,0,0,0,0,0,1,0,0,0,0,0,0,0,0,0,0,0,0,0,0,0,0,0,0,0,0,0,0,0,1,0,0,0,0,0,0,0,0,0,0
Bedford Ave & S 9 St,-2,-1,2,2,0,0,1,-1,0,-2,0,0,0,0,1,0,2,-1,1,0,-1,-4,-3,-1,4,3,2,2,0,0,1,1,2,2,2,0,0,0,1,2,2,1,1,0,1,4,3,5
Willoughby Ave & Walworth St,0,-1,0,-1,-1,0,1,-2,-1,-2,-1,0,0,-1,3,0,-2,-2,3,-1,-2,0,1,-3,0,1,0,1,1,2,1,2,5,2,1,2,0,3,3,2,4,2,3,1,4,2,3,3
Willoughby Ave & Tompkins Ave,-1,2,-1,1,1,1,1,1,-1,0,-1,0,0,-1,2,0,1,-4,-3,-3,0,2,-2,-1,3,2,1,1,1,1,3,1,1,2,5,0,0,1,2,2,3,6,3,3,1,2,6,3
N 15 St & Wythe Ave,2,1,-2,0,-1,1,-1,0,1,-1,0,1,2,-1,-2,0,-3,1,1,0,2,-1,2,-1,2,1,2,2,3,3,1,0,1,1,2,1,2,1,2,2,3,3,1,0,2,1,5,3
Tompkins Ave & Hopkins St,-1,1,2,-1,0,0,0,1,0,0,-2,-2,0,0,0,0,3,-2,-2,0,1,-1,-1,0,1,1,2,1,2,2,2,1,2,2,2,2,2,0,2,2,3,2,4,0,3,3,1,0
47 Ave & 31 St,0,-1,0,0,0,0,1,-1,2,0,-2,1,0,2,-1,0,0,0,0,0,0,-1,1,2,0,1,0,0,0,0,3,1,2,4,2,1,3,2,1,0,0,0,0,0,0,1,1,2
McKibbin St & Manhattan Ave,-2,-1,0,0,2,-1,3,1,1,1,-1,-1,0,1,2,0,1,-1,-1,0,0,3,-1,-2,2,1,0,0,2,1,5,1,1,3,1,1,2,1,2,0,1,1,3,2,2,3,3,2
9 St & 44 Rd,0,-1,2,-2,2,-1,-3,0,2,-1,-1,-1,1,0,1,0,1,0,0,-1,1,0,0,2,0,1,4,4,2,3,3,0,2,1,1,1,1,0,1,0,1,0,2,1,1,0,0,2
Nostrand Ave & Myrtle Ave,1,0,0,0,-1,2,0,1,-1,0,0,0,-3,1,1,0,-2,-1,0,0,0,0,2,1,1,2,0,0,1,2,0,1,1,0,0,0,3,1,1,4,2,1,0,2,0,0,2,1
Marcy Ave & Lafayette Ave,0,1,0,1,0,-1,0,0,0,1,0,-1,0,0,-1,0,0,0,0,-1,0,0,0,0,2,1,0,1,0,1,0,0,0,1,0,1,0,0,1,0,0,0,0,1,2,0,0,2
E 2 St & 2 Ave,3,3,-2,-2,-2,5,1,-1,6,3,-4,4,0,2,1,2,4,2,4,0,-7,3,-6,5,11,16,12,22,16,19,13,21,24,25,13,18,20,28,27,18,20,14,18,16,23,19,12,18
Pulaski St & Marcus Garvey Blvd,1,0,-1,1,1,1,-1,0,0,2,0,-1,0,-1,0,0,0,0,0,1,0,0,0,0,1,2,1,1,3,1,3,0,2,2,0,1,2,1,2,0,0,2,0,1,0,0,0,0
Throop Ave & Myrtle Ave,-1,0,0,0,-1,0,2,0,0,-1,2,0,0,-1,-1,0,-1,-1,-2,1,0,-1,0,0,1,0,0,0,1,0,2,0,0,1,2,0,0,1,1,4,1,1,2,3,0,1,0,0
NYCBS Depot - DEL,0,0,0,1,0,1,0,0,0,1,0,0,1,0,0,1,1,1,2,0,0,1,0,1,0,0,0,1,0,1,0,0,0,1,0,0,1,0,0,1,1,1,2,0,0,1,0,1
NYCBS Depot - FAR,0,0,0,0,0,0,0,1,1,0,0,0,1,0,0,0,0,1,0,0,0,0,0,0,0,0,0,0,0,0,0,1,1,0,0,0,1,0,0,0,0,1,0,0,0,0,0,0
W 76 St & Columbus Ave,-2,-1,1,3,0,-1,0,-3,1,1,1,-1,-2,3,-1,2,0,-3,3,-1,0,-3,-1,-2,4,3,7,3,2,3,4,5,5,1,3,3,2,3,5,4,4,5,5,5,4,3,5,2
48 Ave & 5 St,0,0,0,0,1,-1,0,0,-1,1,0,0,0,0,1,0,0,-2,2,2,-1,-1,0,0,1,0,3,0,1,1,2,0,3,1,0,0,0,0,2,0,0,2,2,2,3,1,0,0
NYCBS Depot - STY,0,0,0,0,0,0,0,0,0,0,0,0,0,0,0,0,0,0,0,0,0,0,0,0,0,0,0,0,0,0,0,0,0,0,0,0,0,0,0,0,0,0,0,0,0,0,0,0
Warren St,0,0,0,0,0,0,0,0,0,0,0,0,0,0,0,0,0,0,0,0,1,0,0,0,0,0,0,0,0,0,0,0,0,0,0,0,0,0,0,0,0,0,0,0,1,0,0,0
Marcy Ave & MacDonough St,0,0,-1,2,0,2,1,-1,0,0,-1,0,0,-1,0,-1,2,0,0,1,0,0,1,0,0,0,1,2,0,2,1,1,0,0,1,0,0,3,0,1,2,0,0,1,0,0,1,0
1 Ave & E 44 St,-7,4,-3,2,-3,1,0,6,-1,1,-5,-4,2,7,-1,0,6,2,-2,-3,2,0,3,2,9,8,7,10,5,7,14,12,11,3,7,8,14,9,5,6,14,6,2,9,20,12,5,14
Central Park West & W 85 St,-3,0,3,4,-3,-2,-1,5,2,1,2,0,-4,3,1,7,0,4,1,-3,-7,-5,1,-1,9,9,13,8,10,12,6,7,6,9,10,4,12,15,11,15,6,14,5,15,13,11,11,16
E 47 St & 1 Ave,-1,-2,-1,-1,-1,2,1,1,4,-1,-2,2,0,3,-3,5,-1,1,1,-1,4,-2,2,1,1,4,7,3,5,4,5,5,10,9,2,6,4,3,5,5,9,1,5,3,12,4,10,5
5 Ave & E 78 St,2,-3,-1,3,3,1,3,4,8,-2,5,-5,6,4,2,5,-2,-2,2,2,-6,-2,3,2,5,5,7,13,4,7,3,8,12,10,11,11,11,9,6,9,6,4,7,9,7,8,3,12
East End Ave & E 86 St,2,-1,-1,0,0,-1,1,0,-3,0,0,2,-1,0,1,0,-1,0,0,0,1,0,-1,0,2,2,4,0,0,1,1,2,3,2,0,2,2,0,1,0,1,0,0,0,1,0,1,0
Huron St & Franklin St,0,-1,0,-1,1,0,0,0,0,-1,0,0,0,0,1,0,1,0,0,-1,0,0,0,0,0,1,2,1,1,0,0,0,0,1,0,0,0,0,1,0,3,1,0,1,0,0,2,0
W 78 St & Broadway,-1,0,0,0,0,0,1,1,1,0,0,1,2,0,0,0,1,-2,0,1,-1,1,0,0,1,0,0,1,0,0,1,1,1,0,0,1,2,2,0,0,3,4,0,1,1,1,0,0
E 48 St & Madison Ave,0,0,0,0,0,-1,0,0,0,1,2,-2,0,0,-1,0,0,0,-1,0,0,-1,1,0,0,0,0,0,0,1,0,0,0,1,2,2,0,0,1,0,0,0,1,0,0,1,1,0
Riverside Blvd & W 67 St,0,0,0,0,0,1,2,0,0,0,0,0,0,0,0,0,0,0,0,0,0,0,0,0,0,0,0,0,0,1,2,0,0,0,0,0,0,0,0,0,0,0,0,0,0,0,0,0
