Row Labels,12 AM,1 AM,2 AM,3 AM,4 AM,5 AM,6 AM,7 AM,8 AM,9 AM,10 AM,11 AM,12 PM,1 PM,2 PM,3 PM,4 PM,5 PM,6 PM,7 PM,8 PM,9 PM,10 PM,11 PM
1 Ave & E 15 St,220,130,84,53,28,42,281,527,933,390,294,381,481,568,469,529,637,1041,1049,897,590,408,369,287
1 Ave & E 18 St,107,76,39,16,10,47,181,533,491,248,235,279,347,332,408,399,549,779,772,494,330,200,203,146
1 Ave & E 30 St,88,44,34,9,16,100,370,463,903,741,470,433,431,410,478,544,536,602,636,463,342,239,202,157
1 Ave & E 44 St,37,22,6,4,5,14,113,266,744,419,160,197,270,278,274,284,307,571,302,145,140,116,76,33
10 Ave & W 28 St,108,87,46,35,28,19,48,182,412,678,359,302,285,295,329,306,320,606,598,354,300,165,210,124
11 Ave & W 27 St,73,54,29,10,10,68,214,390,658,441,381,474,670,713,687,730,782,797,888,490,328,230,195,134
11 Ave & W 41 St,78,60,37,16,80,48,180,327,296,194,228,362,264,262,348,411,542,700,691,450,312,198,123,98
12 Ave & W 40 St,35,11,17,7,9,13,99,328,641,397,283,293,362,468,470,521,735,1292,715,376,162,121,117,68
2 Ave & E 31 St,204,127,46,32,15,45,388,556,718,503,462,568,646,745,789,995,1010,1714,1892,1332,1046,691,597,420
2 Ave & E 58 St,65,42,23,12,7,80,137,232,382,375,246,260,273,296,311,351,392,597,675,502,326,273,161,104
3 Ave & Schermerhorn St,9,6,0,1,1,16,6,35,85,60,48,35,59,48,36,32,60,113,116,83,62,58,26,44
5 Ave & E 29 St,60,37,35,12,10,14,126,382,920,979,528,499,646,608,578,613,613,703,529,294,251,171,98,85
6 Ave & Broome St,47,29,14,4,8,29,52,121,546,526,249,249,387,396,392,375,525,645,549,256,168,121,103,54
6 Ave & Canal St,35,43,21,7,3,12,45,136,573,522,262,242,355,298,301,280,265,563,611,385,184,113,76,54
6 Ave & W 33 St,103,68,40,30,59,64,82,278,608,546,389,419,482,505,539,687,886,1335,1300,641,440,314,225,143
7 Ave & Farragut St,0,0,1,0,0,1,1,12,53,58,20,22,41,31,30,53,24,38,28,17,3,1,8,2
8 Ave & W 31 St,246,88,59,36,43,172,1117,1412,1830,1568,848,734,853,964,1037,1311,1927,2549,2187,1182,814,590,504,274
8 Ave & W 33 St,106,39,33,15,51,135,781,595,1134,971,554,600,625,639,646,808,1271,1685,1317,784,523,398,371,196
8 Ave & W 52 St,140,71,39,24,24,31,179,330,519,567,407,428,485,464,513,547,635,1034,990,618,507,338,298,195
9 Ave & W 14 St,182,113,64,47,26,15,46,190,586,611,540,576,650,718,764,779,773,1014,1054,693,495,336,263,206
9 Ave & W 16 St,87,55,34,29,17,39,142,246,562,415,306,436,605,622,698,697,730,1034,972,667,398,270,193,145
9 Ave & W 18 St,101,45,43,22,26,19,43,176,563,796,452,338,361,350,372,365,347,503,598,429,315,227,201,120
9 Ave & W 22 St,92,59,32,13,18,32,168,370,422,460,446,503,635,696,683,753,907,1083,1059,777,462,407,275,176
9 Ave & W 45 St,159,86,49,32,16,36,143,264,367,322,230,263,366,396,357,404,589,1115,1044,651,516,486,407,292
Adelphi St & Myrtle Ave,25,19,7,9,0,9,76,181,240,77,79,71,60,76,92,105,159,259,316,196,122,99,67,50
Allen St & E Houston St,207,126,99,65,38,58,81,201,419,304,211,363,420,500,479,568,603,758,858,564,430,376,353,245
Allen St & Hester St,97,60,36,29,24,26,88,207,413,484,378,404,421,495,441,494,521,619,637,538,395,298,244,233
Allen St & Rivington St,217,137,97,41,26,25,57,257,557,316,369,462,495,520,547,565,608,781,924,763,620,500,415,321
Ashland Pl & Hanson Pl,37,10,15,12,4,27,94,330,324,255,137,84,140,158,168,226,276,403,477,346,218,194,152,121
Atlantic Ave & Fort Greene Pl,45,27,14,8,6,12,78,109,222,191,165,219,232,222,252,300,285,417,383,325,253,188,153,151
Atlantic Ave & Furman St,24,8,4,1,12,7,4,23,54,82,90,98,129,157,149,168,230,230,216,121,104,80,72,77
Avenue D & E 12 St,17,9,2,1,2,0,33,20,163,148,56,31,42,49,28,40,53,88,75,60,79,77,41,21
Avenue D & E 3 St,18,10,6,5,2,3,77,126,261,195,90,99,123,93,110,133,185,199,177,161,144,119,57,38
Avenue D & E 8 St,31,7,3,1,5,5,17,74,211,176,89,59,79,73,72,62,95,136,185,178,157,109,62,30
Bank St & Hudson St,99,56,27,18,6,17,64,282,407,251,258,298,383,413,406,508,513,708,651,387,269,231,183,121
Bank St & Washington St,69,33,13,11,9,32,132,283,435,289,242,281,352,366,388,429,515,569,587,288,213,161,132,109
Barclay St & Church St,75,31,17,9,82,64,440,744,1613,981,425,405,434,423,421,549,900,1703,1381,769,403,297,168,111
Barrow St & Hudson St,79,56,28,10,6,43,204,468,847,1126,717,524,585,530,582,570,753,1289,1461,913,511,325,249,161
Bayard St & Baxter St,86,50,31,32,26,33,39,98,315,376,284,301,494,493,376,375,469,527,506,399,310,221,187,123
Bedford Ave & S 9th St,4,7,4,4,2,6,18,4,27,30,20,28,41,40,47,45,41,69,51,22,38,21,14,12
Bialystoker Pl & Delancey St,27,23,11,4,9,9,35,157,258,201,139,118,136,151,212,203,241,215,283,200,119,128,88,68
Bond St & Schermerhorn St,12,9,5,5,5,11,28,94,179,138,87,91,97,110,108,130,118,199,248,192,135,98,68,67
Broad St & Bridge St,12,6,3,3,0,3,70,160,380,130,56,85,156,145,112,146,233,396,147,90,67,33,25,16
Broadway & Battery Pl,25,26,25,10,4,10,107,337,497,315,254,249,402,423,438,450,519,766,521,250,172,128,93,63
Broadway & Berry St,37,22,11,5,3,3,26,32,106,81,75,79,97,106,82,94,121,114,141,121,104,70,65,48
Broadway & E 14 St,182,110,44,34,25,58,262,630,1100,1161,889,895,1051,1195,1133,1139,1236,1523,1632,1203,957,746,448,328
Broadway & E 22 St,76,31,24,14,28,40,255,587,1145,862,763,853,1172,1131,1101,1233,1297,1712,1347,866,489,284,181,139
Broadway & W 24 St,63,38,26,17,24,62,181,496,1156,792,547,776,959,1172,1071,1049,1082,1328,1074,696,402,300,179,88
Broadway & W 29 St,55,42,13,3,9,57,269,385,741,704,440,442,519,526,538,493,590,853,638,437,211,146,118,65
Broadway & W 32 St,80,79,42,30,24,37,80,238,476,518,330,397,468,493,451,516,697,1368,1140,691,403,301,218,138
Broadway & W 36 St,34,27,15,9,1,19,130,131,439,393,206,232,247,262,267,242,284,452,411,251,184,127,59,29
Broadway & W 37 St,41,12,9,3,0,7,29,104,313,377,224,258,321,311,284,296,302,468,388,217,152,98,74,44
Broadway & W 39 St,34,22,15,6,4,30,58,178,575,560,208,219,300,273,260,243,258,433,318,144,73,54,67,52
Broadway & W 41 St,82,56,30,14,26,42,125,449,1060,1035,513,417,469,477,465,449,682,1386,975,600,287,147,160,85
Broadway & W 49 St,32,16,12,12,11,110,277,615,981,928,418,359,456,484,430,453,528,672,501,373,168,134,135,69
Broadway & W 51 St,31,9,9,10,10,9,181,635,1127,838,331,306,319,364,296,288,401,474,265,194,120,87,54,50
Broadway & W 53 St,61,37,20,18,27,54,136,361,899,857,442,432,533,504,475,534,591,637,477,331,205,153,118,105
Broadway & W 55 St,79,33,25,6,17,32,119,388,668,672,370,351,443,442,392,407,474,675,505,411,256,193,165,102
Broadway & W 58 St,73,34,23,11,9,51,210,307,687,719,511,546,610,645,706,720,779,1034,878,535,372,262,189,131
Broadway & W 60 St,147,55,38,23,31,99,252,310,604,616,596,771,837,859,923,1059,1189,1580,1298,855,610,475,416,265
Cadman Plaza E & Red Cross Pl,4,1,0,0,0,0,8,9,50,20,17,33,37,44,38,27,26,39,30,12,8,3,1,8
Cadman Plaza E & Tillary St,6,3,1,4,0,0,9,42,148,137,95,165,138,163,162,136,159,199,127,92,29,28,8,17
Canal St & Rutgers St,114,61,53,33,16,47,77,329,599,422,307,289,350,318,331,421,437,635,525,424,377,279,195,167
Carlton Ave & Park Ave,12,11,2,6,1,13,33,73,154,103,45,53,56,66,86,55,59,107,86,61,55,29,33,15
Carmine St & 6 Ave,237,102,75,36,28,68,141,363,426,610,587,605,787,830,833,795,843,1103,1140,904,732,509,466,351
Catherine St & Monroe St,17,9,12,6,10,4,62,147,270,213,170,112,160,134,183,167,199,275,255,198,143,129,100,62
Central Park S & 6 Ave,17,10,10,5,9,25,50,85,243,431,560,625,795,740,835,809,792,864,694,290,147,105,82,55
Centre St & Chambers St,63,29,17,4,2,29,240,464,875,585,418,596,639,760,779,906,919,1215,889,516,289,187,149,99
Centre St & Worth St,40,13,10,9,3,3,47,130,451,372,240,281,338,346,310,313,477,430,250,164,112,67,84,53
Cherry St,15,20,4,10,24,14,36,155,174,100,104,109,115,142,134,185,217,344,257,125,125,89,57,42
Christopher St & Greenwich St,96,74,38,16,18,56,222,493,916,478,500,575,683,730,869,910,975,1141,1006,636,525,415,306,218
Church St & Leonard St,38,32,13,7,11,16,65,147,431,355,268,235,311,305,338,284,410,515,520,334,234,160,107,79
Clark St & Henry St,47,14,17,5,4,29,66,135,226,119,100,116,147,148,147,191,208,308,420,289,209,173,121,89
Clermont Ave & Lafayette Ave,30,9,2,7,8,0,44,105,153,81,32,62,52,83,77,64,62,95,116,101,81,59,38,35
Clermont Ave & Park Ave,28,9,4,0,0,9,32,36,112,47,31,26,44,37,36,42,45,61,71,67,48,45,32,23
Cleveland Pl & Spring St,184,132,82,45,31,36,150,273,995,1015,724,768,971,961,970,1068,1129,1330,1559,1016,677,483,373,291
Cliff St & Fulton St,78,42,24,15,11,40,188,288,530,537,323,259,338,392,349,360,468,780,662,484,376,194,182,117
Clinton Ave & Flushing Ave,3,8,8,1,11,8,23,40,72,139,58,45,67,81,46,48,52,58,73,39,23,18,47,14
Clinton Ave & Myrtle Ave,48,26,12,11,5,15,56,189,266,166,102,110,90,128,147,138,189,311,273,228,167,160,105,76
Clinton St & Grand St,63,47,27,15,18,26,49,232,394,241,184,191,256,272,290,370,340,534,552,375,301,178,113,94
Clinton St & Joralemon St,18,13,5,5,1,26,34,92,218,164,76,71,94,65,93,93,131,160,207,163,121,85,65,33
Clinton St & Tillary St,17,10,3,2,1,6,8,64,114,129,84,107,128,138,159,199,178,205,181,120,70,71,39,28
Columbia Heights & Cranberry St,10,9,4,3,1,1,9,16,59,55,39,49,77,74,92,81,103,115,82,61,44,44,30,30
Columbia St & Rivington St,21,8,4,4,9,12,68,98,337,234,148,156,132,163,164,192,208,291,226,184,136,73,65,21
Concord St & Bridge St,15,7,5,0,1,13,29,115,70,41,32,41,38,50,35,33,36,95,107,86,57,39,26,32
Cumberland St & Lafayette Ave,45,14,6,3,2,10,38,109,138,70,57,70,59,83,68,66,97,123,158,168,144,114,112,72
Dean St & 4 Ave,37,20,11,7,8,4,26,89,230,181,107,166,175,174,197,193,253,347,332,225,178,132,130,73
DeKalb Ave & Hudson Ave,66,43,16,15,4,21,159,342,379,158,120,101,95,136,146,166,181,245,375,292,239,150,106,75
DeKalb Ave & S Portland Ave,16,10,1,2,2,2,69,103,129,65,73,70,70,109,95,99,107,100,107,113,71,73,57,37
DeKalb Ave & Skillman St,11,16,6,2,3,0,11,64,72,34,26,39,35,37,27,65,38,78,92,52,53,44,26,26
DeKalb Ave & Vanderbilt Ave,63,30,21,11,3,11,46,118,124,54,44,68,89,98,83,118,92,139,173,150,129,116,83,66
Division St & Bowery,66,47,27,19,46,19,94,161,215,256,239,309,349,301,287,345,333,430,419,289,239,221,175,122
Duane St & Greenwich St,27,24,12,4,5,6,53,142,471,429,249,229,284,264,310,268,289,454,476,294,215,145,94,54
Duffield St & Willoughby St,13,5,4,0,0,4,20,80,227,96,75,87,73,61,75,55,114,143,118,59,36,37,20,18
E 10 St & 5 Ave,67,42,26,7,7,40,66,223,349,375,359,411,411,448,414,473,455,664,738,508,404,314,224,151
E 10 St & Avenue A,100,77,46,11,16,23,139,385,561,441,397,391,492,520,584,561,652,763,813,537,324,255,199,125
E 11 St & 1 Ave,152,61,25,22,13,39,152,375,557,238,278,331,446,508,523,617,707,920,859,595,351,306,256,201
E 11 St & 2 Ave,189,109,60,33,30,36,127,221,595,293,287,332,489,566,481,667,705,938,989,756,509,505,381,265
E 11 St & Broadway,59,22,28,10,8,12,44,146,497,506,380,465,438,421,404,466,442,583,548,389,263,171,141,69
E 12 St & 3 Ave,170,100,75,27,15,41,122,248,545,385,348,359,496,540,518,645,695,791,941,778,529,435,352,266
E 13 St & Avenue A,154,91,61,39,23,57,138,401,651,301,331,329,391,417,409,487,569,840,891,592,464,321,246,230
E 14 St & Avenue B,70,34,19,14,11,69,209,481,443,193,226,220,220,260,305,358,419,749,627,442,330,263,178,78
E 15 St & 3 Ave,87,65,42,31,11,34,136,350,687,405,270,283,354,393,403,486,537,773,815,610,487,339,273,177
E 16 St & 5 Ave,17,8,6,3,5,16,126,191,374,399,217,289,270,326,315,343,346,461,408,200,98,75,48,36
E 16 St & Irving Pl,92,39,35,13,7,41,190,390,769,815,505,391,468,496,472,529,556,775,860,636,466,299,220,174
E 17 St & Broadway,128,87,25,10,13,70,243,679,1464,1185,1040,1105,1357,1435,1469,1579,1883,2502,2250,1394,976,505,323,177
E 19 St & 3 Ave,122,74,49,16,30,65,224,391,767,478,416,404,484,475,481,531,588,850,918,729,519,465,311,199
E 2 St & 2 Ave,141,102,42,41,19,16,67,186,514,465,274,304,406,382,388,425,508,626,696,469,351,333,308,219
E 2 St & Avenue B,118,77,46,19,15,42,128,286,568,280,261,348,452,444,410,544,618,810,825,510,435,346,228,163
E 2 St & Avenue C,43,33,19,9,3,14,42,234,500,148,153,149,162,152,174,215,264,298,430,406,242,185,104,86
E 20 St & 2 Ave,45,31,25,14,15,43,123,265,444,268,194,209,260,283,305,280,339,460,427,381,202,174,110,87
E 20 St & FDR Drive,36,20,16,7,16,56,166,471,336,208,162,202,261,222,256,328,443,764,610,345,219,141,109,61
E 20 St & Park Ave,16,4,7,2,5,10,45,44,137,241,173,154,157,195,145,171,161,182,166,93,63,41,31,29
E 23 St & 1 Ave,62,31,27,21,17,20,210,737,1048,392,357,359,393,412,438,586,642,938,789,480,379,266,152,136
E 25 St & 1 Ave,79,44,22,14,4,8,98,308,780,303,166,143,213,213,283,279,342,422,457,462,378,285,194,89
E 25 St & 2 Ave,149,85,57,25,43,37,197,423,706,506,388,365,396,392,458,458,518,916,961,801,637,518,383,248
E 27 St & 1 Ave,61,42,12,10,9,30,293,271,475,494,296,216,266,210,225,254,207,225,194,142,116,95,116,84
E 3 St & 1 Ave,131,96,55,36,28,30,151,359,570,268,241,258,352,404,494,530,530,733,780,666,433,319,278,248
E 30 St & Park Ave S,91,39,36,25,8,71,207,333,774,793,470,427,469,525,516,474,555,829,711,519,373,267,225,162
E 31 St & 3 Ave,67,35,18,16,10,15,51,128,267,249,167,159,213,186,199,187,240,397,456,302,231,150,151,105
E 32 St & Park Ave,105,59,31,16,10,61,258,517,1154,1191,688,602,670,728,544,600,782,1042,908,642,420,339,285,202
E 33 St & 1 Ave,19,20,11,5,2,31,160,196,248,149,120,91,116,89,99,107,137,244,254,171,144,94,61,61
E 33 St & 5 Ave,47,29,16,12,14,34,125,191,441,431,288,285,276,288,284,302,353,456,288,222,169,92,73,46
E 37 St & Lexington Ave,74,34,12,7,3,15,78,175,143,180,134,150,225,239,231,260,338,535,520,399,249,200,169,127
E 39 St & 2 Ave,137,75,33,20,19,40,241,575,949,851,509,431,543,488,506,621,744,1277,1223,783,527,459,373,225
E 39 St & 3 Ave,85,33,19,14,5,48,211,685,1185,807,439,367,407,408,420,385,476,656,555,411,269,192,147,98
E 4 St & 2 Ave,207,105,58,50,25,28,79,206,391,292,326,328,443,497,434,506,569,776,796,537,434,389,357,299
E 40 St & 5 Ave,23,21,8,13,49,31,191,350,864,810,453,452,665,702,585,613,694,681,435,294,147,71,76,38
E 43 St & 2 Ave,28,16,16,7,16,5,50,108,352,383,215,191,206,184,182,165,246,262,236,142,131,83,98,59
E 43 St & Vanderbilt Ave,43,13,9,2,6,121,635,1199,1753,1543,602,394,485,524,543,628,1166,1870,1125,467,222,122,110,90
E 45 St & 3 Ave,49,23,7,4,4,26,173,407,580,234,175,242,351,350,323,355,479,461,372,238,127,104,110,71
E 47 St & 1 Ave,27,7,4,2,0,15,112,164,319,307,160,110,142,139,161,165,175,346,342,153,79,64,61,38
E 47 St & 2 Ave,38,27,11,8,5,19,86,247,1019,623,251,236,269,297,238,228,272,724,439,257,195,193,103,67
E 47 St & Park Ave,31,15,9,3,14,76,532,936,853,454,219,246,352,338,318,455,795,615,310,150,153,102,71,45
E 48 St & 3 Ave,24,10,7,10,3,23,141,561,760,298,196,209,278,252,298,271,532,706,351,194,127,101,92,61
E 5 St & Avenue C,46,31,22,12,11,11,39,117,493,125,133,165,190,179,180,215,205,342,369,300,171,134,88,68
E 51 St & 1 Ave,51,20,8,5,3,38,61,163,361,245,151,155,198,210,153,214,255,385,505,337,241,160,135,73
E 51 St & Lexington Ave,35,30,16,10,12,84,164,516,682,302,277,292,352,370,341,339,512,644,297,175,153,117,80,75
E 52 St & 2 Ave,60,33,11,1,7,10,86,102,228,254,192,152,234,238,191,194,263,435,508,292,209,160,122,92
E 53 St & Lexington Ave,33,14,13,7,16,40,226,555,552,396,283,293,344,427,344,329,524,519,336,209,149,99,85,46
E 53 St & Madison Ave,29,18,10,2,17,65,391,593,483,419,278,315,396,403,461,489,676,631,353,241,144,103,93,52
E 55 St & 2 Ave,54,19,12,5,2,13,84,234,351,265,178,176,223,199,188,204,251,452,520,315,187,133,122,70
E 55 St & Lexington Ave,7,6,9,2,2,5,41,200,455,353,181,165,203,255,237,212,265,405,177,101,59,43,25,19
E 56 St & 3 Ave,23,18,5,3,1,21,39,253,482,356,181,213,289,232,223,239,339,669,454,197,99,102,73,45
E 56 St & Madison Ave,18,12,22,23,4,48,158,453,420,173,184,219,349,389,450,395,593,593,265,109,47,34,20,20
E 58 St & 3 Ave,79,50,27,15,9,55,237,533,755,486,381,458,563,547,535,596,714,975,704,425,301,230,141,98
E 59 St & Sutton Pl,58,19,14,7,5,22,91,267,530,257,202,193,213,299,257,278,424,562,417,291,185,120,91,73
E 6 St & Avenue B,86,51,30,22,14,30,175,482,525,296,274,294,370,421,477,479,575,830,625,465,316,207,184,119
E 6 St & Avenue D,7,9,2,2,1,16,48,116,253,187,110,94,131,143,143,154,168,212,271,220,168,96,77,43
E 7 St & Avenue A,157,123,78,30,29,52,83,238,439,313,268,333,386,393,387,467,497,700,709,491,423,342,275,241
E 9 St & Avenue C,69,61,35,27,27,13,104,262,447,179,218,265,311,300,339,387,479,642,605,443,337,211,188,115
Elizabeth St & Hester St,68,39,24,17,4,3,90,124,319,465,344,342,440,482,496,481,588,683,701,542,385,252,205,144
Emerson Pl & Myrtle Ave,47,23,13,4,0,2,17,89,126,87,55,70,74,74,66,72,65,137,145,114,86,77,57,45
FDR Drive & E 35 St,19,11,12,5,1,1,75,533,554,216,156,178,196,186,266,337,558,773,587,321,174,120,40,33
Flushing Ave & Carlton Ave,11,11,6,4,2,2,24,34,80,101,89,71,67,110,113,106,89,101,98,69,60,27,62,13
Forsyth St & Broome St,137,67,47,39,24,29,76,256,446,406,276,293,317,317,327,410,424,593,667,509,425,325,247,187
Forsyth St & Canal St,77,28,33,32,47,29,41,105,195,304,254,282,331,336,336,342,386,495,533,381,299,225,184,132
Franklin Ave & Myrtle Ave,14,7,7,7,6,1,5,13,46,15,18,18,28,33,33,42,33,31,47,39,30,21,21,27
Franklin St & W Broadway,45,33,11,5,34,18,59,181,446,445,267,249,315,330,311,310,336,499,535,302,191,121,110,67
Front St & Gold St,20,9,3,0,0,6,12,29,109,135,87,85,69,81,69,82,73,106,133,110,70,48,29,37
Front St & Maiden Ln,29,8,14,2,16,21,129,305,462,141,92,161,245,252,270,247,393,679,287,156,97,86,39,16
Front St & Washington St,18,18,14,4,1,40,42,91,414,276,138,149,208,238,223,261,279,414,465,260,139,117,67,48
Fulton St & Clermont Ave,17,12,1,1,1,0,4,23,54,63,54,27,63,51,45,56,52,53,70,53,56,35,40,39
Fulton St & Grand Ave,29,20,13,9,2,1,27,61,167,93,58,68,85,65,77,89,90,110,135,121,92,95,75,53
Fulton St & Rockwell Pl,31,16,14,10,4,39,82,200,542,475,245,234,259,296,259,257,254,360,310,208,137,82,79,43
Fulton St & Waverly Ave,56,30,21,9,8,19,44,59,120,150,93,73,105,103,90,113,108,136,194,172,155,133,112,90
Fulton St & William St,39,13,16,9,9,9,57,133,438,423,227,227,326,295,286,291,338,506,424,315,231,162,103,63
Gallatin Pl & Livingston St,9,6,3,1,3,6,7,37,58,76,36,34,47,71,38,44,64,104,94,70,48,36,27,12
Grand Army Plaza & Central Park S,52,28,47,39,35,74,154,439,815,650,530,700,823,862,822,821,874,1164,636,308,153,108,103,76
Grand St & Greene St,47,33,31,11,6,3,36,145,403,400,281,298,372,389,413,405,469,615,680,475,256,198,130,92
Grand St & Havemeyer St,37,37,12,3,8,0,29,56,107,114,96,92,105,123,111,139,156,169,219,137,116,97,61,69
Great Jones St,85,54,41,17,19,48,105,281,654,865,572,508,663,593,636,609,601,998,944,648,534,327,199,140
Greenwich Ave & 8 Ave,171,124,82,40,28,38,213,357,994,962,770,813,899,912,847,939,1026,1365,1460,1134,848,644,468,302
Greenwich Ave & Charles St,106,64,51,10,12,27,44,171,448,201,230,292,378,446,497,532,508,616,667,493,381,275,261,196
Greenwich St & N Moore St,73,27,12,8,22,104,506,459,512,388,325,431,694,624,522,549,759,837,550,411,311,178,137,169
Greenwich St & Warren St,46,24,18,8,19,23,168,476,691,462,368,408,571,591,590,531,726,1078,1151,917,589,331,179,78
Hancock St & Bedford Ave,19,20,9,8,5,26,26,66,65,51,32,43,34,60,49,41,64,79,88,104,79,57,51,26
Hanover Pl & Livingston St,3,1,1,0,0,6,20,27,62,67,49,50,33,29,25,33,52,48,56,25,22,9,9,5
Harrison St & Hudson St,29,15,12,3,1,7,57,265,347,181,126,138,190,220,170,202,239,517,376,180,132,103,75,52
Henry St & Atlantic Ave,66,27,11,3,4,17,43,137,215,190,108,167,177,198,212,191,193,318,325,224,165,121,82,113
Henry St & Grand St,41,14,6,9,8,13,137,322,343,161,154,134,171,157,231,293,311,539,478,258,170,103,96,55
Henry St & Poplar St,12,7,1,1,0,6,4,40,102,50,24,49,47,51,52,85,98,136,107,63,50,46,28,28
Hicks St & Montague St,23,10,10,4,0,12,107,85,248,189,124,140,144,122,154,122,119,264,301,264,167,143,82,59
Howard St & Centre St,90,70,35,17,17,25,69,189,566,556,283,364,487,508,508,541,536,721,785,502,283,171,170,114
Hudson St & Reade St,63,31,29,4,3,19,46,147,360,351,282,265,313,328,323,297,374,488,493,354,221,178,127,103
Jay St & Tech Pl,21,15,11,3,0,1,18,77,115,119,63,108,136,157,158,128,165,197,118,122,95,39,39,56
John St & William St,50,19,12,14,11,39,72,130,456,396,192,196,232,262,218,192,254,419,490,335,215,135,77,56
Johnson St & Gold St,23,19,15,7,6,5,47,89,151,186,86,76,80,125,87,124,108,157,216,154,141,84,69,55
Joralemon St & Adams St,13,14,4,2,2,4,110,236,517,409,218,229,246,257,261,283,315,429,414,254,166,102,52,30
Kent Ave & S 11 St,27,4,9,4,3,0,8,53,123,93,60,44,48,76,70,87,67,92,89,82,57,50,90,55
Lafayette Ave & Classon Ave,22,9,9,2,1,5,17,64,104,90,43,48,45,51,44,50,78,95,96,86,78,74,52,42
Lafayette Ave & Fort Greene Pl,33,14,5,4,3,1,21,32,110,142,76,97,97,86,90,105,118,167,235,189,137,113,85,71
Lafayette Ave & St James Pl,35,18,11,10,7,2,10,64,119,86,66,58,72,88,54,55,65,76,110,123,69,58,51,43
Lafayette St & E 8 St,219,111,61,28,20,67,253,797,1467,1457,964,954,1246,1240,1194,1297,1414,1860,1871,1415,1044,810,549,378
Lafayette St & Jersey St,39,17,13,10,3,11,31,114,205,199,174,189,259,270,290,316,288,349,363,225,152,86,45,43
LaGuardia Pl & W 3 St,146,102,58,29,14,8,33,158,472,596,603,476,568,540,551,719,732,856,936,689,624,589,410,248
Laight St & Hudson St,10,7,7,2,1,3,19,85,220,186,75,88,138,142,128,109,138,279,257,101,61,40,31,24
Lawrence St & Willoughby St,106,40,35,16,15,36,127,365,883,629,487,464,683,684,729,759,868,1091,1175,748,456,295,216,140
Lefferts Pl & Franklin Ave,10,9,4,0,1,3,4,29,44,67,35,43,43,61,58,68,45,69,83,40,28,18,16,22
Lexington Ave & Classon Ave,21,18,12,5,2,3,11,56,78,61,28,39,50,65,60,34,52,90,97,87,61,70,47,44
Lexington Ave & E 24 St,120,47,31,20,14,38,105,463,1083,1059,635,546,654,560,707,686,780,1303,955,705,507,385,253,182
Lexington Ave & E 26 St,120,63,41,24,10,20,149,253,862,911,509,472,587,610,556,509,666,1127,1034,710,562,440,316,237
Liberty St & Broadway,44,31,17,10,19,21,141,393,768,387,305,441,519,513,521,544,710,951,450,327,187,155,123,93
Lispenard St & Broadway,59,32,32,11,6,4,66,143,474,521,254,223,329,375,407,404,427,560,686,383,235,164,129,91
Little West St & 1 Pl,31,8,9,2,5,21,133,152,354,288,197,243,300,255,305,369,391,494,473,304,213,143,110,65
MacDougal St & Prince St,105,86,50,30,17,52,123,302,1165,938,479,559,687,735,717,696,651,1119,1332,934,607,471,350,241
MacDougal St & Washington Sq,124,76,60,18,16,9,62,202,339,321,300,331,420,436,424,430,476,592,661,462,402,278,215,124
Macon St & Nostrand Ave,23,15,8,4,1,0,37,21,62,79,34,39,45,44,58,68,57,79,88,69,86,54,55,37
Madison St & Clinton St,31,19,11,5,31,6,41,97,312,245,95,95,133,130,131,155,172,255,231,172,185,139,117,87
Madison St & Montgomery St,18,9,9,5,7,7,38,147,375,136,81,112,111,161,129,169,208,315,298,166,142,109,100,31
Maiden Ln & Pearl St,70,33,16,10,9,25,144,370,685,397,227,261,350,366,298,275,408,766,614,438,343,231,134,86
Market St & Cherry St,26,9,7,8,8,11,40,106,170,93,74,63,102,105,118,134,157,288,178,136,131,85,78,44
Mercer St & Bleecker St,104,48,40,19,8,26,136,354,674,742,475,518,579,620,621,700,841,1122,1237,810,543,409,261,175
Mercer St & Spring St,40,24,15,15,6,10,36,204,421,419,333,332,461,540,574,658,640,858,939,473,302,130,86,67
Metropolitan Ave & Bedford Ave,95,51,26,12,10,10,33,68,207,193,216,200,234,310,332,314,386,441,374,298,232,203,158,129
Monroe St & Bedford Ave,27,13,12,6,3,11,20,42,64,76,41,42,51,45,53,60,53,73,108,112,64,43,46,26
Monroe St & Classon Ave,21,7,4,6,0,12,12,25,57,31,33,31,33,27,25,33,32,33,43,32,54,28,32,23
Montague St & Clinton St,8,5,3,3,0,1,45,47,209,155,111,121,138,126,128,108,131,167,168,109,82,60,40,25
Mott St & Prince St,147,87,58,31,20,37,80,220,501,666,589,542,606,629,630,632,642,695,855,778,660,423,352,256
Murray St & West St,24,32,12,5,18,76,292,362,359,215,122,209,254,271,257,310,351,761,495,242,186,148,80,65
Myrtle Ave & St Edwards St,2,7,1,0,0,1,6,34,54,34,20,31,29,27,30,31,31,59,44,40,31,22,13,6
Nassau St & Navy St,3,2,0,2,2,1,6,45,63,65,41,33,57,79,79,86,121,123,56,42,36,24,24,12
Norfolk St & Broome St,116,45,34,21,18,25,69,301,392,351,218,182,248,289,278,255,289,412,453,344,293,222,214,133
Old Fulton St,16,4,6,0,1,0,8,58,105,135,101,126,226,220,243,286,288,258,229,124,89,62,85,33
Old Slip & Front St,11,4,7,4,2,17,133,271,344,195,109,156,217,194,146,163,402,412,161,81,59,32,24,13
Park Ave & St Edwards St,0,0,1,3,0,3,11,84,30,21,25,12,45,21,27,33,39,35,66,23,23,9,3,2
Park Pl & Church St,33,13,10,2,4,24,130,368,843,592,310,311,427,392,373,308,392,619,554,351,165,145,67,53
Pearl St & Anchorage Pl,11,10,3,2,2,2,16,51,231,217,107,132,129,159,158,149,202,244,354,169,92,57,53,37
Pearl St & Hanover Square,41,31,20,9,10,17,115,228,675,347,190,143,224,235,171,202,279,673,577,337,200,163,128,72
Perry St & Bleecker St,64,39,41,16,20,46,85,179,395,205,190,286,389,434,425,493,466,518,517,387,252,162,118,127
Pershing Square N,87,49,35,16,5,161,626,1638,2026,1344,530,566,613,634,708,825,1352,3402,2699,1119,546,365,257,189
Pershing Square S,43,23,15,9,18,45,226,540,1713,1240,526,326,394,445,412,369,760,1077,485,178,86,79,115,45
Pike St & E Broadway,66,27,19,5,9,25,29,80,219,223,186,165,181,197,196,215,269,294,274,184,124,102,198,134
Pike St & Monroe St,47,23,8,10,24,8,19,100,207,175,72,87,109,121,121,137,165,256,221,153,111,117,103,59
Pitt St & Stanton St,12,15,3,7,2,8,32,29,124,188,48,44,83,76,76,104,118,131,104,111,100,58,47,25
Railroad Ave & Kay Ave,0,0,0,0,0,0,6,29,11,14,9,4,15,13,28,9,26,14,15,1,2,0,15,1
Reade St & Broadway,25,16,18,2,2,2,57,238,434,368,232,249,296,332,293,349,333,510,382,201,97,89,52,55
Rivington St & Chrystie St,115,75,24,21,3,17,28,138,339,266,190,206,269,272,308,300,321,409,411,371,296,246,209,133
Rivington St & Ridge St,51,13,9,6,14,13,55,168,312,166,108,112,136,125,168,163,189,307,302,344,237,149,96,74
S 3 St & Bedford Ave,36,14,13,17,2,3,23,55,119,72,79,69,95,109,120,118,123,138,181,156,101,87,73,59
S 4 St & Wythe Ave,42,23,31,17,6,2,16,57,88,69,46,46,71,85,69,106,93,113,137,103,109,70,126,69
S 5 Pl & S 4 St,96,57,29,27,13,3,52,144,249,232,169,201,255,312,347,336,332,465,468,351,207,196,170,106
S Portland Ave & Hanson Pl,31,9,6,3,5,2,11,27,56,84,47,45,55,41,59,55,56,89,106,93,68,39,52,49
Sands St & Gold St,7,2,0,2,1,4,5,23,57,67,44,39,49,43,68,58,64,60,54,38,24,27,20,9
Shevchenko Pl & E 6 St,137,75,29,17,11,29,77,188,570,523,368,299,312,308,348,385,338,527,592,641,456,360,263,168
South End Ave & Liberty St,47,24,8,4,17,34,70,359,782,574,371,449,547,534,624,585,601,958,777,590,387,229,137,97
South St & Gouverneur Ln,5,4,2,0,1,2,120,267,709,439,222,217,293,280,343,340,454,816,549,186,90,48,28,13
South St & Whitehall St,12,3,6,2,1,10,92,182,582,264,81,107,179,153,191,204,313,634,360,161,72,52,27,28
Spruce St & Nassau St,61,22,13,7,3,4,116,139,254,285,224,233,331,340,356,326,417,524,491,313,281,137,111,80
St James Pl & Oliver St,66,39,25,8,8,8,45,136,278,242,177,162,301,264,237,213,252,312,334,248,186,178,104,89
St James Pl & Pearl St,29,15,14,21,9,19,27,107,159,153,91,99,132,168,125,143,148,234,242,151,113,92,72,86
St Marks Pl & 1 Ave,164,88,61,34,32,28,55,250,366,202,172,302,369,422,432,391,478,694,596,512,406,299,241,250
St Marks Pl & 2 Ave,140,110,63,31,32,15,64,186,643,373,262,365,473,608,482,493,559,813,855,680,504,325,365,258
Stanton St & Chrystie St,61,61,48,28,11,30,42,71,319,414,322,265,350,371,351,332,390,581,729,578,412,335,206,134
Stanton St & Mangin St,31,7,8,2,2,22,61,152,225,165,125,104,146,119,207,241,223,303,283,235,185,117,128,32
State St,15,15,9,6,2,22,36,196,589,425,194,186,254,279,300,360,441,588,483,241,102,83,60,31
State St & Smith St,38,21,12,3,3,13,40,114,336,210,151,222,250,273,225,258,301,389,421,283,168,166,134,59
Suffolk St & Stanton St,136,84,54,26,28,24,85,318,577,330,311,306,345,430,430,458,505,691,818,602,401,333,264,224
Sullivan St & Washington Sq,146,80,74,27,19,38,97,234,738,644,444,471,582,644,558,583,702,909,850,691,542,463,324,261
University Pl & E 14 St,150,102,64,26,24,55,152,497,1249,1219,743,802,919,994,1026,1227,1268,1672,1915,1308,905,741,481,299
Vesey Pl & River Terrace,67,34,13,5,5,75,401,850,1048,563,353,462,516,532,615,700,865,1330,976,593,320,269,213,136
W 11 St & 6 Ave,85,48,34,23,16,41,87,289,486,345,277,377,388,389,405,472,441,658,644,551,417,334,225,136
W 13 St & 5 Ave,43,36,14,5,6,16,206,259,608,693,479,509,567,578,503,646,588,830,904,559,332,216,163,110
W 13 St & 6 Ave,136,62,29,18,17,39,155,479,789,755,517,499,538,490,460,611,632,849,1007,807,402,463,281,196
W 13 St & 7 Ave,123,51,32,26,15,52,138,362,491,325,328,362,418,464,513,532,616,769,849,620,495,372,312,233
W 14 St & The High Line,31,32,12,9,4,14,50,77,171,259,249,306,377,407,437,447,473,553,476,278,138,125,103,80
W 15 St & 7 Ave,118,82,50,23,22,53,179,373,549,476,419,484,515,609,605,659,732,1099,1034,815,606,397,330,223
W 16 St & The High Line,48,20,16,12,9,29,124,283,517,547,365,367,435,463,505,456,546,721,710,537,274,178,114,65
W 17 St & 8 Ave,106,93,36,18,32,94,179,422,1006,1131,677,638,618,676,696,625,750,1239,1186,910,638,493,327,205
W 18 St & 6 Ave,51,32,14,5,11,47,155,368,1031,1081,619,658,970,996,999,1069,1153,1608,1428,744,387,220,123,71
W 20 St & 11 Ave,197,119,76,30,23,120,368,673,1273,1002,866,876,1086,1129,1218,1273,1429,2061,2101,1435,974,674,503,313
W 20 St & 7 Ave,139,61,38,29,25,29,174,279,392,518,456,530,533,552,532,483,718,849,1001,708,489,325,264,154
W 20 St & 8 Ave,114,56,38,26,20,14,89,336,357,239,253,251,336,358,424,401,398,704,759,556,475,389,292,172
W 21 St & 6 Ave,77,41,25,12,19,55,173,418,1427,1261,703,783,957,992,983,1090,1151,1686,1397,936,571,385,181,123
W 22 St & 10 Ave,99,52,26,7,8,92,227,461,816,816,693,692,664,688,757,815,852,1184,1497,1026,672,495,332,259
W 22 St & 8 Ave,131,92,46,31,16,59,142,284,549,321,356,461,473,528,554,592,680,814,1002,785,578,458,326,235
W 24 St & 7 Ave,80,40,23,19,9,22,129,215,467,500,524,584,683,750,716,755,783,1155,1198,743,461,366,286,147
W 25 St & 6 Ave,67,48,24,6,8,48,129,287,1039,1037,627,596,704,699,668,652,779,1299,1032,661,461,289,218,136
W 26 St & 10 Ave,42,46,20,18,13,14,56,298,1003,827,331,314,458,496,568,527,642,1112,864,497,275,183,118,97
W 26 St & 8 Ave,136,63,39,20,14,20,90,246,340,407,350,386,390,401,441,461,629,857,1064,837,545,484,347,203
W 27 St & 7 Ave,71,50,31,22,9,18,112,361,1083,1301,685,635,755,791,739,751,839,1165,1030,550,327,201,182,116
W 29 St & 9 Ave,107,39,31,11,6,19,153,347,186,228,289,264,284,332,319,404,427,710,705,518,340,252,186,169
W 31 St & 7 Ave,27,8,6,4,4,36,217,188,304,298,147,125,115,160,185,224,267,474,357,191,86,63,38,30
W 33 St & 7 Ave,60,26,20,13,21,150,584,457,777,664,331,351,354,391,588,870,1120,1396,1208,748,360,236,195,149
W 34 St & 11 Ave,41,15,8,2,7,18,129,152,332,213,225,265,284,356,350,351,353,361,315,184,106,111,85,40
W 37 St & 10 Ave,101,50,35,10,15,18,212,373,551,634,399,272,330,377,364,352,389,686,856,683,473,358,245,139
W 37 St & 5 Ave,46,16,9,7,36,82,165,268,552,486,342,323,416,445,405,455,486,512,417,271,178,140,93,64
W 38 St & 8 Ave,58,25,14,11,9,29,229,419,727,760,440,440,529,466,436,497,702,1394,1231,609,321,239,140,74
W 39 St & 9 Ave,131,65,48,39,8,87,479,347,431,602,488,442,536,527,665,750,1026,1301,1248,811,537,445,355,184
W 4 St & 7 Ave S,268,141,78,39,23,30,101,259,549,456,490,616,804,790,808,863,987,1311,1139,868,703,565,489,414
W 41 St & 8 Ave,184,90,36,24,50,294,748,1073,757,850,532,410,433,502,717,872,1237,1473,1534,917,675,480,421,292
W 42 St & 8 Ave,100,51,33,12,24,124,412,223,325,219,243,248,256,235,328,562,755,808,689,451,338,277,279,173
W 43 St & 10 Ave,59,37,27,18,25,47,272,458,213,183,286,260,413,414,497,526,718,962,891,541,421,345,258,131
W 43 St & 6 Ave,26,14,2,4,3,24,248,624,1040,811,368,339,427,469,471,478,518,595,344,168,157,63,50,22
W 44 St & 5 Ave,6,1,1,0,0,24,192,442,564,352,241,274,387,365,390,385,532,525,230,130,67,31,20,13
W 45 St & 6 Ave,50,21,11,0,9,54,184,511,815,571,377,418,576,614,551,483,545,588,402,257,134,81,66,55
W 45 St & 8 Ave,110,71,38,16,15,42,184,285,449,507,392,423,544,540,473,458,645,1126,1150,828,487,431,353,144
W 46 St & 11 Ave,36,25,36,24,15,20,151,177,623,585,323,257,233,228,265,247,282,428,451,332,224,155,120,74
W 47 St & 10 Ave,46,40,40,17,14,35,108,347,276,191,224,188,252,270,336,347,413,697,680,471,344,260,177,132
W 49 St & 5 Ave,8,6,5,6,6,17,124,434,583,280,208,238,311,327,290,356,494,408,277,137,94,48,39,31
W 49 St & 8 Ave,135,65,38,37,14,25,351,529,774,484,285,347,349,439,468,523,627,931,903,659,456,431,331,242
W 51 St & 6 Ave,33,38,21,8,30,83,367,604,470,340,320,416,605,612,575,520,795,607,377,199,103,90,58,51
W 52 St & 11 Ave,43,30,23,7,12,49,93,336,607,480,313,322,437,403,394,438,555,745,689,466,316,236,166,119
W 52 St & 5 Ave,16,13,3,6,4,50,182,570,392,262,224,276,386,438,384,436,536,459,298,146,94,57,64,30
W 52 St & 9 Ave,74,55,52,28,16,16,39,86,107,134,123,181,230,186,192,186,301,405,498,397,287,223,202,109
W 53 St & 10 Ave,44,11,12,7,14,29,125,379,184,142,192,190,172,200,202,217,346,533,602,411,258,160,155,75
W 54 St & 9 Ave,70,42,27,21,14,13,71,45,196,134,69,143,219,227,242,263,261,417,419,317,203,180,132,100
W 56 St & 10 Ave,57,12,25,17,9,15,110,369,312,203,189,150,180,189,234,259,209,377,385,303,253,193,163,95
W 56 St & 6 Ave,42,26,9,9,8,35,224,564,838,454,386,411,530,608,521,594,742,880,509,390,274,183,136,76
W 59 St & 10 Ave,85,36,16,5,5,51,252,457,542,324,214,254,282,253,370,399,464,794,907,573,351,299,212,129
W Broadway & Spring St,95,52,35,13,12,27,96,182,541,700,463,518,532,589,690,662,744,874,919,725,393,271,153,163
W Houston St & Hudson St,84,33,23,23,21,34,235,476,1006,724,494,520,707,699,714,720,851,1280,1205,843,704,425,276,165
Warren St & Church St,57,32,19,15,9,28,111,268,498,470,341,347,363,413,385,428,499,578,668,471,316,215,159,82
Washington Ave & Greene Ave,14,15,5,1,1,14,22,32,94,68,37,32,63,44,40,60,59,101,129,82,53,41,51,35
Washington Ave & Park Ave,19,6,5,5,5,3,10,90,183,144,71,87,104,90,110,108,122,186,215,162,95,67,59,41
Washington Park,23,13,5,4,1,4,36,91,192,91,44,60,58,58,87,82,78,129,123,148,110,61,65,37
Washington Pl & 6 Ave,155,67,42,28,14,37,54,163,380,251,190,246,299,356,313,412,442,665,679,511,369,292,225,175
Washington Pl & Broadway,70,35,20,16,12,13,39,209,605,510,530,462,633,614,530,700,750,868,804,487,290,206,120,122
Washington Square E,143,56,35,15,19,17,71,271,727,867,596,573,866,803,744,1019,1059,1122,1030,715,519,349,250,163
Washington St & Gansevoort St,79,71,33,15,18,58,158,259,502,458,347,407,494,517,547,572,639,817,837,554,351,260,207,152
Water - Whitehall Plaza,36,19,8,6,4,25,154,269,275,118,125,124,158,153,158,136,247,397,163,102,53,50,50,37
Watts St & Greenwich St,56,40,20,11,7,24,163,398,536,443,315,367,449,428,425,490,584,821,724,521,331,226,185,114
West St & Chambers St,99,34,26,16,12,55,355,884,1347,787,672,805,878,940,1096,1186,1305,1857,1682,975,592,446,308,164
West Thames St,51,25,14,4,10,64,163,434,658,403,325,368,394,393,461,486,587,740,770,545,382,266,156,127
William St & Pine St,60,25,13,10,29,37,190,336,612,350,207,184,232,240,222,202,328,544,406,239,166,118,92,69
Willoughby Ave & Hall St,38,23,12,7,9,10,39,130,150,182,73,70,67,75,59,83,93,118,178,160,107,94,80,60
Willoughby Ave & Walworth St,21,17,16,5,4,14,10,42,54,73,54,76,84,71,71,84,92,118,100,97,75,63,41,31
Willoughby St & Fleet St,17,9,9,2,1,16,57,201,363,196,79,87,76,82,83,77,124,236,248,93,53,45,39,32
Wythe Ave & Metropolitan Ave,65,34,18,19,5,5,41,52,161,135,140,187,199,230,254,298,293,324,296,180,162,117,162,100
York St & Jay St,43,14,12,3,1,14,72,197,455,470,186,196,177,188,198,248,290,436,471,295,176,106,85,54